user,date,text,latitude,longitude;;
RhiRhiPalmer,Sat Aug 10 17:59:00 +0000 2019,b'#westend @ Brasserie Z?del https://t.co/4M8WzSWSCv',51.51058029,-0.13581443;;
Elias_Jahshan,Sat Aug 10 17:57:48 +0000 2019,b'?I will never forget Palestine.? \n.\nThanks amro.tabari for the t-shirt! And for @AEvansMusic for the superior camer? https://t.co/Ek9I4DAe8O',51.50711486,-0.12731805;;
lou0305,Sat Aug 10 17:55:38 +0000 2019,b'?#princecharlescinema #westend @ Chinatown London https://t.co/Nl06N6L4fj',51.51157,-0.13165;;
"jHen_yUna,Sat Aug 10 17:51:54 +0000 2019,""b""""I don't think outside of the box";" I think of what I can do with the box ? Creativity is intelligence having fun ? @? https://t.co/4sYTZiJkiG"""""",51.51016737,-0.13404568";
lou0305,Sat Aug 10 17:50:43 +0000 2019,b'#worldsbestdumplings #warmwelcome ?#chinatown #westend ? @ Beijing Dumpling Chinese Restaurant https://t.co/sVo0VjCK5S',51.51171,-0.13016;;
"BdexEntz,Sat Aug 10 17:49:22 +0000 2019,""b'She start walking, bless her #kulture #cardib #cardi #offset \n\n#bdexentertainmentnews #bdexentertainmenttv? https://t.co/9vSSKkk2Xw'"",51.50711486,-0.12731805";;
NickLaBsPT,Sat Aug 10 17:48:21 +0000 2019,b'We are proper wasteful society. The amount of crap people leave in the gym is crazy. To me the weird thing is leavi? https://t.co/kEHXBVIMRC',51.50711486,-0.12731805;;
thewinecloud,Sat Aug 10 17:47:03 +0000 2019,b'Domaine Henri Gauges is reference in Nuits Saints George and unfortunately for myself  I haven?t taste enough wines? https://t.co/Sf1dXkOzVm',51.50711486,-0.12731805;;
"RetrospaceAndy,Sat Aug 10 17:46:56 +0000 2019,""b'All you need is #love #lovelane #tottenham #london #londontrip2019 @ London, United Kingdom https://t.co/AP7KxiJeER'"",51.50711486,-0.12731805";;
Jo_The_Waiter,Sat Aug 10 17:46:49 +0000 2019,b'Finally got frames for all my beautiful artwork by my very talented mate Baz Deadheaven \n\n#davidsylvian #mickkarn? https://t.co/zxbGfoXqfX',51.50711486,-0.12731805;;
IamMotiurTaj,Sat Aug 10 17:45:06 +0000 2019,b'Happy Eid-Ul-Adha to all that are celebrating. ? ? ? May this Eid brings all the happiness and successes you and yo? https://t.co/QGeXQ7o44J',51.50711486,-0.12731805;;
"TheLiteBrite,Sat Aug 10 17:44:43 +0000 2019,""b'#beer @ London, United Kingdom https://t.co/ecq8jl0ya9'"",51.50711486,-0.12731805";;
BdexEntz,Sat Aug 10 17:41:56 +0000 2019,b'@michaelblackson is in big trouble with 50cent and this will be more than @tyrese did to you.\n  #50cent? https://t.co/1SOLPl1EEy',51.50711486,-0.12731805;;
hkjhy0328,Sat Aug 10 17:36:49 +0000 2019,b'? ???? ??? ????? ? ? ?? ???????\n???? ??? ??? ??? ??? ??? ?? ???? ?? ??.\n???? ??? ?? 4kg ???...\n???? ?? ? ? ??? ?? ?? https://t.co/eaBUzWtnl8',51.50711486,-0.12731805;;
pammi_please,Sat Aug 10 17:36:28 +0000 2019,b'hiya my eyelids are stained pink but sometimes pink eye is worth it\n.\n.\n.\n.\n.\n.\n#drag #dragqueen? https://t.co/r67AuzPynO',51.50711486,-0.12731805;;
Red_Greg,Sat Aug 10 17:33:13 +0000 2019,b'Only just noticed Richie Weeks co-wrote the super sweet ?May My Love Be With You? with Patrick Adams in 1978. How t? https://t.co/VbZPPWFcXf',51.50711486,-0.12731805;;
MattDonald,Sat Aug 10 17:30:41 +0000 2019,b'??\n.\n.\n.\n.\n.\n.\n.\n.\n#barber #barbergang #barberlife #barberlove #barbershop #barbershopconnect #barberworld #hair? https://t.co/DNJWbpZfhJ',51.50711486,-0.12731805;;
rodwey2004,Sat Aug 10 17:30:26 +0000 2019,b'Fast moving clouds slowed down.\n.\n\nDo visit my website  https://t.co/R3uL0T1M7X\n.\n  \n#landscapephotography #storm? https://t.co/CKu7lSYGMi',51.50711486,-0.12731805;;
"joeogorman99,Sat Aug 10 17:29:19 +0000 2019,""b'people like people @ London, United Kingdom https://t.co/3NmQbiPeqT'"",51.50711486,-0.12731805";;
BdexEntz,Sat Aug 10 17:29:10 +0000 2019,b'@michaelblackson response back to #50cent \n#nodisrespectbutwithallduerespectihavenorespecttour fuck you 50cent? https://t.co/fdiSXy3npn',51.50711486,-0.12731805;;
Estaentumundo,Sat Aug 10 17:28:54 +0000 2019,b'Just touched down in London Town #London\nRecien aterrizado en #Londres\n\n#UK #britain #londonbus #redbus #viajes? https://t.co/Yhpv7PGrjt',51.50711486,-0.12731805;;
"ElizabethSBodea,Sat Aug 10 17:28:50 +0000 2019,""b'Happy Saturday, beautiful people! If you think any less of you today, let me tell you in kindness that you are wron? https://t.co/cgL2UJtjKb'"",51.50711486,-0.12731805";;
mikeexleysd41,Sat Aug 10 17:25:03 +0000 2019,b'Watching Jurassic park in Leicester Square ??? @ Leicester Square https://t.co/TuMf5P9g80',51.51045189,-0.1301837;;
"SS__512,Sat Aug 10 17:24:48 +0000 2019,""b""""I'm at @TheLondonEye in Lambeth, Greater London https://t.co/LAXufEmyzb"""""",51.50328655,-0.11959434";;
PhotoboothStar,Sat Aug 10 17:21:16 +0000 2019,b'#officeparty #pbstar #Photoboothstar #photo #photos #pic #pics #picture #pictures #art #beautiful #instagood? https://t.co/M3txp4BINm',51.50891608,-0.11911154;;
"HelsElizabeth,Sat Aug 10 17:20:51 +0000 2019,""b'?? L o n d o n ?? [2] @ London, United Kingdom https://t.co/cDWCnws6Ci'"",51.50711486,-0.12731805";;
LittleKevFriday,Sat Aug 10 17:20:41 +0000 2019,b'Pre theatre munch! Just before I grab myself a cup of ambition ? #9-5 #london #dollyparton #savoy #savoytheatre? https://t.co/3Y6YBssdCT',51.5101173,-0.1218421;;
mikeexleysd41,Sat Aug 10 17:20:10 +0000 2019,b'My fav ? @ Beijing Dumpling Chinese Restaurant https://t.co/77WuPCTtUt',51.51171,-0.13016;;
jswhuang,Sat Aug 10 17:18:09 +0000 2019,b'#bbq #summer2019\n#tteokbokki #sainsburys\n#maggi #chilisauce #sweetcorn\n#limoncello #prosecco #cocktail\n#friends ami? https://t.co/BmnkFKYYXY',51.50711486,-0.12731805;;
"LozMB,Sat Aug 10 17:17:18 +0000 2019,""b""""It's just how we roll ???\n\nUP THE VILLA!!!!!\n\n#datenight #usnight #trainwankers #tottenhamhotspurs #astonvilla? https://t.co/qwIp7662eE"""""",51.50711486,-0.12731805";;
fredaspeaks,Sat Aug 10 17:15:31 +0000 2019,b'Too many of us can relate to this ?  Stock up on Freda so yiure fully prepped every month ? \n.\n? radillustrates? https://t.co/Q6bOHkv7eg',51.50711486,-0.12731805;;
mitrostziavaras,Sat Aug 10 17:15:04 +0000 2019,b'#mitrostziavaras #flowers #glifada #petal #google #twitter #nature #beautiful #love #sunset  #blossom? https://t.co/8zwmxBcwEC',51.50711486,-0.12731805;;
mitrostziavaras,Sat Aug 10 17:14:42 +0000 2019,b'#mitrostziavaras #flowers #glifada #petal #google #twitter #nature #beautiful #love #sunset  #blossom? https://t.co/RaLAg8RC6P',51.50711486,-0.12731805;;
Tonkertim,Sat Aug 10 17:13:17 +0000 2019,b'Bubbles! @ Soho Hotel https://t.co/kxzOojtR5T',51.5140629,-0.13385127;;
"OfficialChunter,Sat Aug 10 17:11:47 +0000 2019,""b'Home for the weekend.\n.\nWhatever you?re doing this weekend, do it with joy and I?ll see you on the other side.\n?\n?? https://t.co/EbPZr1WEWA'"",51.50711486,-0.12731805";;
FABhospitality,Sat Aug 10 17:10:23 +0000 2019,b'This is how we hope yours weekend   feels like.\n\n#refreshing; #fun; #tasty and obviously #FAB !! ???\nJust like us .? https://t.co/THAVuj5yoT',51.50711486,-0.12731805
"koolhakine,Sat Aug 10 17:08:56 +0000 2019,""b'#hahaha #food is #life #bless #happiness #music #dance ?????? #happysallah @theswicktv @ London, United Kingdom https://t.co/MJlNT1dICX'"",51.50711486,-0.12731805";;
"theKelsterrr,Sat Aug 10 17:08:33 +0000 2019,""b'London, baby! ? @ Tafalagure Square https://t.co/KGEvqRoncT'"",51.50809587,-0.12838175";;
angeldelight36,Sat Aug 10 17:06:50 +0000 2019,b'Dinner time &amp; cocktails ? chaterboxlg  choice ? @ TGI Fridays https://t.co/Km7bKrbGqp',51.5100476,-0.1240249;
ovobloom,Sat Aug 10 17:06:40 +0000 2019,b'S a t u r d a y ?\n.\nI?ve started working on some new pieces today.. once upon a time the 12? hoop would of terrifie? https://t.co/1NuupWkLTi',51.50711486,-0.12731805;;
ToddyPeters,Sat Aug 10 17:02:38 +0000 2019,b'Blackberry cake for pudding tonight. #familymeal #grandparents #foodislove\n#homemade #homegrown #handpicked @ Londo? https://t.co/l5KATkltAp',51.50711486,-0.12731805;;
"geoffbrawler,Sat Aug 10 17:01:07 +0000 2019,""b'https://t.co/ehXuV67917 #freemoney #comeandjoinme @ top_cashback ??? @ London, United Kingdom https://t.co/Wrcz0fqg9t'"",51.50711486,-0.12731805";;
camsmith_bowie,Sat Aug 10 17:00:57 +0000 2019,b'Day 58 ??\n58th pick = Into The Great Wide Open - Tom Perry and The Heartbreakers \nBackstory = this masterpiece has? https://t.co/bPmSxgyeyA',51.50711486,-0.12731805;;
"BrownFormanJobs,Sat Aug 10 17:00:57 +0000 2019,""b'Can you recommend anyone for this job? Brand Manager, JDTW - https://t.co/PO8rIx2i6y #Marketing #London, England'"",51.5073509,-0.1277583";;
DjLORDofficial,Sat Aug 10 17:00:43 +0000 2019,b'This man was supposed to be on suicide watch!!!! He was at the center of an international sex trafficking ring that? https://t.co/9cFbPj7KLk',51.50711486,-0.12731805;;
serapiao_sfc,Sat Aug 10 16:58:47 +0000 2019,b'Forro London festival  2015\n\n#chicocesar #forrolondon #forrostore #FORROLONDONFESTIVAL #love #dancepartner @ London? https://t.co/gdK6O9WM8v',51.50711486,-0.12731805;;
devdutoit,Sat Aug 10 16:54:55 +0000 2019,b'Jubilee Gardens #southbank @ London Eye https://t.co/TaGzLHSEUI',51.5028201,-0.1192523;;
"tmj_lon_finance,Sat Aug 10 16:54:27 +0000 2019,""b'Can you recommend anyone for this #Finance job in London, England, United Kingdom? Click the link in our bio to see? https://t.co/XwTmlR0AYM'"",51.5073509,-0.1277583";;
"SteveMaxwellSC,Sat Aug 10 16:53:30 +0000 2019,""b'an afternoon w @anandahuja &amp";" lovely @sonamakapoor @stevemaxwellsc @ London, United Kingdom https://t.co/hsxnx6C9hx'"",51.50711486,-0.12731805";
"BenHopper,Sat Aug 10 16:52:56 +0000 2019,""b'Each day, re-member and re-mind to love yourself again.\nAnne-Florence?Neveu for Natural Beauty (2017). @ London, Un? https://t.co/oHxlESNhv5'"",51.50711486,-0.12731805";;
tcn90,Sat Aug 10 16:52:08 +0000 2019,b'Yesterday over London...Back home from one of the loveliest two weeks away #London #londonfromtheair #thames? https://t.co/cHuBD0hwh3',51.50711486,-0.12731805;;
serapiao_sfc,Sat Aug 10 16:49:57 +0000 2019,b'London summer \n\n#forro #london #forrolondon #love #london #FORROLONDONFESTIVAL #brazilcultural #forrostore @ London? https://t.co/hktokbwD1b',51.50711486,-0.12731805;;
luvi_ama,Sat Aug 10 16:49:21 +0000 2019,b'My instincts tell me to keep breathing\n#reading\n#questioning\n#exploring\n#knowing\n#believing\n#holdmyown\n#insideout\nI? https://t.co/n0UqKXNjRw',51.50711486,-0.12731805;;
"bhishal,Sat Aug 10 16:47:18 +0000 2019,""b'Andy Ruiz vs Anthony Joshua 2 Rematch on 7th December 2019 at Diriyah, Saudi Arabia.\n\nWho do you think wins Ruiz or? https://t.co/9O2YPuxTVI'"",51.50711486,-0.12731805";;
"EvieBraithwaite,Sat Aug 10 16:45:05 +0000 2019,""b'Short but sweet (windy) couple of days wandering around London ? Ice cream, book buying, lotsa food and scouted out? https://t.co/5jJkN8aXSw'"",51.51445978,-0.12629015";;
"HelsElizabeth,Sat Aug 10 16:44:12 +0000 2019,""b'?? L o n d o n ?? [1]\nNever lose your sense of adventure little boy. You truly are the best company ?? @ London, Un? https://t.co/6APKBZnFVN'"",51.50711486,-0.12731805";;
disney_images,Sat Aug 10 16:42:33 +0000 2019,b'Happy trails to shaunprend who leaves waitresslondon today - always brought (more!) tears to my eyes as Joe and so? https://t.co/4c7OMcUfVi',51.51013139,-0.12298213;;
"txmmy22,Sat Aug 10 16:40:12 +0000 2019,""b'? @ London, United Kingdom https://t.co/sNn9H6jG3n'"",51.50711486,-0.12731805";;
"SmithMandie,Sat Aug 10 16:39:50 +0000 2019,""b'I have hair again ? #baldhead #chemo #breastcancer #wig #nohairdontcare #blondehair #hothead @ London, United Kingd? https://t.co/ExvTs6nTrG'"",51.50711486,-0.12731805";;
"nurikichi7,Sat Aug 10 16:39:40 +0000 2019,""b""""I'm at ??????????? in London, Greater London https://t.co/DjoYUQuM5z https://t.co/vEpBONMpKo"""""",51.49935616,-0.12735665";;
"BdexEntz,Sat Aug 10 16:39:27 +0000 2019,""b'#cardib #cardi #offset \n\n#bdextv #bdexentertainmentnews #bdexentertainmenttv #bdexentertainment @ London, United Ki? https://t.co/kHaSq4GZGO'"",51.50711486,-0.12731805";;
EmilyCDexter,Sat Aug 10 16:38:34 +0000 2019,b'I was lucky enough to be invited to the launch of this fabulous book #OurStop on Thursday evening! ?? https://t.co/OlBPXCmIql',51.51069225,-0.13619596;;
bhishal,Sat Aug 10 16:37:00 +0000 2019,b'What do you think of the outfit? \n\nCredit: allblackoutfits.official \n\nLike the content? Hit that follow button ?\n__? https://t.co/dlN0unr2Y5',51.50711486,-0.12731805;;
DarrellCeres17,Sat Aug 10 16:36:54 +0000 2019,b'Tonight from 8.30pm GMT we go live playing #gtaonline with _leftunsupervised_ and friends  we need to make some mor? https://t.co/UqrkTRkWJ9',51.50711486,-0.12731805;;
Tahjana_McCoy,Sat Aug 10 16:32:58 +0000 2019,b'Seriously can?t believe this avocado has actually grown up! The fact I can kill cacti is a big wowza!!?! But to be? https://t.co/NJDNcCji67',51.50711486,-0.12731805;;
"Simone_Olivia_,Sat Aug 10 16:32:29 +0000 2019,""b'The sun is back! Still not sure if an evening bbq in these gale force winds is a good idea though ? @ London, Unite? https://t.co/UGhk0rQIb1'"",51.50711486,-0.12731805";;
"YasidDESIGN,Sat Aug 10 16:31:45 +0000 2019,""b'@fredricaasbo ?s #Tailspin ratrod gets a model upgrade? Now all we gotta do is get rid of this shiny front bumper,? https://t.co/X78ldQQN0Q'"",51.50711486,-0.12731805";;
gemma_elmore,Sat Aug 10 16:30:52 +0000 2019,b'Last Saturday in #London\nSat at the chefs counter at @boccadilupo \nDelicious pasta &amp; a delight of a dining experien? https://t.co/pBretdm1jL',51.51170044,-0.13398686;
iamsolamusic,Sat Aug 10 16:30:14 +0000 2019,b'Can?t remember what ajmarksofficial was saying to me so fill in the blanks for me! What?s your caption for this? ??? https://t.co/RfFZog6p6G',51.50711486,-0.12731805;;
"tonydavidwood,Sat Aug 10 16:30:05 +0000 2019,""b'Finally saw #ComeFromAway at #PhoenixTheatre today, great feel good show, ? minutes of affirmation #London @ Phoeni? https://t.co/h6h7Tm8cpx'"",51.51451138,-0.12929455";;
sardisjaque,Sat Aug 10 16:28:05 +0000 2019,b'That feeling of #weekend this morning we went to our flat to take some measurements and after we had a little brunc? https://t.co/YZ6piODY79',51.50711486,-0.12731805;;
darling_mads,Sat Aug 10 16:27:28 +0000 2019,b'Art ?\n.\n.\n.\n.\n.\n.\n.\n.\n.\n.\n.\n.\n.\n.\n.\n.\n.\n.\n.\n.\n.\n.\n.\n#london #thisislondon #londonlife #londonlover #ldn? https://t.co/5swKq1y6zE',51.50905122,-0.12809618;;
"JT_Hyde,Sat Aug 10 16:26:37 +0000 2019,""b'Great afternoon on the #londoncraftbeercruise , now watching Jurassic Park in Leicester Square for free! @ Leiceste? https://t.co/MKhyJdb8Ho'"",51.51045189,-0.1301837";;
"RitzGlitzBeauty,Sat Aug 10 16:23:33 +0000 2019,""b'#LASHGOALS ? @ London, United Kingdom https://t.co/8E6dvqeSBf'"",51.50711486,-0.12731805";;
"i6rpz,Sat Aug 10 16:22:15 +0000 2019,""b""""I'm at @TheLondonEye in Lambeth, Greater London https://t.co/Ja2WW56t50"""""",51.50328655,-0.11959434";;
maximilian2027,Sat Aug 10 16:20:33 +0000 2019,b'SDENTALES / Sony Alpha 7III / UNITED KINGDOM / February 2019 / London\n\nC792\n\nhttps://t.co/ymyWfrjt4f\n\nSDENTALES pho? https://t.co/iInkP7tHZx',51.50711486,-0.12731805;;
ChrisClemesRods,Sat Aug 10 16:19:26 +0000 2019,b'Here is another quick video (hopefully with better sound) on how to prepare your silk fly line as a floating line b? https://t.co/K4NIW9g4lv',51.50711486,-0.12731805;;
KatherineConwy,Sat Aug 10 16:17:13 +0000 2019,b'One of my favourite days of the year. Installation day of the new Aon Community Art Award Collection. Excited to se? https://t.co/7UlvB8ZFGj',51.50711486,-0.12731805;;
"tranquilbirthuk,Sat Aug 10 16:15:09 +0000 2019,""b'?Men stay men, Women become mothers?\n\nI can?t remember who said this (please tag below if you know) but I saw it re? https://t.co/YELhwonCnl'"",51.50711486,-0.12731805";;
ShridulaS,Sat Aug 10 16:13:24 +0000 2019,b'Streets of Edinburgh ?Really want to go back!! \n.\n.\n.\n.\n.\n.\n.\n.\n.\n.\n.\n.\n.\n.\n#visitscotland #edinburgh #scotland? https://t.co/HW1LBa0Hdc',51.50711486,-0.12731805;;
"tmj_lon_sales,Sat Aug 10 16:13:11 +0000 2019,""b'Interested in a job in #London, England? This could be a great fit. Click the link in our bio to apply: Sales &amp";" Cus? https://t.co/x3dWU199QG'"",51.5073509,-0.1277583";
"tmj_lon_retail,Sat Aug 10 16:12:53 +0000 2019,""b'Interested in a job in #London, England? This could be a great fit: https://t.co/h2xBIuqp6i #Retail'"",51.5073509,-0.1277583";;
"gerimclean,Sat Aug 10 16:11:20 +0000 2019,""b'#HappyJamaican ? @ London, United Kingdom https://t.co/PMPEQNpEvp'"",51.50711486,-0.12731805";;
"Theleahslack,Sat Aug 10 16:10:41 +0000 2019,""b'The View UpStairs is a brilliant piece of musical theatre, so important and so moving. Lovely to meet Andy too ?? @? https://t.co/oAvGfUAwT8'"",51.5145108,-0.132876";;
Helen1lucas,Sat Aug 10 16:10:34 +0000 2019,b'Trio ? AP\n\nPick one ....\n\n#audemarspiguet \n#watch #luxury #life #luxurylifestyle\n#watchporn #wristporn #love? https://t.co/X3ZHCZlDUK',51.50711486,-0.12731805;;
darling_mads,Sat Aug 10 16:10:02 +0000 2019,b'Art ?\n.\n.\n.\n.\n.\n.\n.\n.\n.\n.\n.\n.\n.\n.\n.\n.\n.\n.\n.\n.\n.\n.\n.\n#london #thisislondon #londonlife #londonlover #ldn? https://t.co/LjV5UOgjiJ',51.50905122,-0.12809618;;
"StevenJBattelle,Sat Aug 10 16:05:26 +0000 2019,""b'Already got my next record planned out, The observations and chronicles of Steven and Bear ? @ London, United Kingd? https://t.co/xecYgaUOa3'"",51.50711486,-0.12731805";;
PabloAngelLugo,Sat Aug 10 16:05:01 +0000 2019,b'The last 3 #sculptures of the series ?nopales? (cactus) all of them are made by wood and plaster. Measures are vari? https://t.co/fID11Zm47m',51.50711486,-0.12731805;;
"Edberonc,Sat Aug 10 16:04:11 +0000 2019,""b'#lunch #fulhambroadway #london @ London, United Kingdom https://t.co/SXWEYIIL0q'"",51.50711486,-0.12731805";;
"starlingsworld,Sat Aug 10 15:58:22 +0000 2019,""b'I love you ?? @ London, United Kingdom https://t.co/DTgPmPFsUE'"",51.50711486,-0.12731805";;
"fab_lane21,Sat Aug 10 15:56:38 +0000 2019,""b'We brand new @fab_lane21 ??\n#makkylawson @ London, United Kingdom https://t.co/Y6RFChUxz7'"",51.50711486,-0.12731805";;
"LyvZiese,Sat Aug 10 15:56:26 +0000 2019,""b'Oi. \n? @allnapin @ London, United Kingdom https://t.co/MCIdvWzQg1'"",51.50711486,-0.12731805";;
"tmj_lon_adv,Sat Aug 10 15:55:00 +0000 2019,""b'Join the LEGO Group team! See our latest Marketing job openings, including """"Regional Marketing Director, Kids Engag? https://t.co/irHuav1ppJ'"",51.5073509,-0.1277583";;
"EbinhoB_,Sat Aug 10 15:54:53 +0000 2019,""b'A vida ? sobre quem voce se torna nessa caminhada em London, United Kingdom https://t.co/FexroX9hOY'"",51.50711486,-0.12731805";;
PeakAlex,Sat Aug 10 15:53:06 +0000 2019,b'In your journey you never know who will last next to you and who will come next to you just enjoy it and learn the? https://t.co/SlKdDt7Uwz',51.50711486,-0.12731805;;
wholegrainbake,Sat Aug 10 15:52:56 +0000 2019,b'Still a bit stormy tomorrow but we will be back on the @VictoriaParkMk and also in Primrose Hill @SFPrimroseHill? https://t.co/EIh4hD5xa0',51.50711486,-0.12731805;;
sam_stafford90,Sat Aug 10 15:49:48 +0000 2019,b'London\n.\n? Canon EOS 3 + 50mm\nFilm : Fuji CN400\n.\n#canon #eos #teamcanon #london #uk #fuji #fujifilm_uk #film #bnw? https://t.co/VHFX7MBXfP',51.50711486,-0.12731805;;
VADMBotanicsLtd,Sat Aug 10 15:48:45 +0000 2019,b'VADM Botanics Luxury Black Soap blended especially for you. Guaranteed to leave your skin feeling rejuvenated and s? https://t.co/bmpnZpISmZ',51.50711486,-0.12731805;;
InayatkanjiMo,Sat Aug 10 15:48:16 +0000 2019,b'So I know I been quiet for a minute....its not cos I gone all social media monk on mans and have started meditating? https://t.co/sV8FWSoGbV',51.50711486,-0.12731805;;
VADMBotanicsLtd,Sat Aug 10 15:47:40 +0000 2019,b'VADM Botanics Luxury Black Soap and Body Butter blended especially for sensitive skin. Guaranteed to leave your ski? https://t.co/MUCSZjyi1g',51.50711486,-0.12731805;;
VADMBotanicsLtd,Sat Aug 10 15:47:23 +0000 2019,b'VADM Botanics Luxury Black Soap and Body Butter blended especially for sensitive skin. Guaranteed to leave your ski? https://t.co/xEGqgy01yy',51.50711486,-0.12731805;;
VADMBotanicsLtd,Sat Aug 10 15:47:23 +0000 2019,b'VADM Botanics Luxury Black Soap and Body Butter blended especially for sensitive skin. Guaranteed to leave your ski? https://t.co/xEGqgy01yy',51.50711486,-0.12731805;;
VADMBotanicsLtd,Sat Aug 10 15:44:59 +0000 2019,b'VADM Botanics Luxury Black Soap and Body Butter Set blended especially for you. Guaranteed to leave your skin feeli? https://t.co/EIoRUuRrfy',51.50711486,-0.12731805;;
VADMBotanicsLtd,Sat Aug 10 15:44:45 +0000 2019,b'VADM Botanics Luxury Face and Body Butter blended especially for you. Guaranteed to leave your skin feeling rejuven? https://t.co/A5256EIc4j',51.50711486,-0.12731805;;
"tmj_LON_cstsrv,Sat Aug 10 15:41:49 +0000 2019,""b'AT&amp";"T is hiring in #London, England! Click the link in our bio to apply: Product Support Specialist #CustomerService'"",51.5073509,-0.1277583";
ellynrebeccaxo,Sat Aug 10 15:38:43 +0000 2019,b'Today is World Lion Day so of course I am celebrating it with my good friend Simba! We need to protect our wildlife? https://t.co/EjpMdSVTyo',51.50711486,-0.12731805;;
NaumovaDaria,Sat Aug 10 15:37:52 +0000 2019,b'I?m so excited it has been a while I haven?t seen @BolshoiOfficial in London @royaloperahouse couple of house to go? https://t.co/TZTQRkfO22',51.50711486,-0.12731805;;
vipboss82,Sat Aug 10 15:37:32 +0000 2019,b'2019 Model - Apple ? iPod ? Touch 7th Generation - Silver - 128GB Memory ?250 (?300 in the Shops ?) Free Delivery ?? https://t.co/jmT9N34HLk',51.50711486,-0.12731805;;
RobNoddy,Sat Aug 10 15:37:00 +0000 2019,b'Gradually building the details...\nBack to graphite drawing.\nNeed the practice before the commission.\n.\n.\n.\n@rihanna? https://t.co/gKRjDC5t71',51.50711486,-0.12731805;;
"tmj_LON_prod,Sat Aug 10 15:35:27 +0000 2019,""b'Don\'t be shy. Score a job like """"Category Insights Analyst Europe Bakery"""" at Mondel?z International by asking for re? https://t.co/5hJ3dFgmdH'"",51.5073509,-0.1277583";;
"kelsangel,Sat Aug 10 15:35:18 +0000 2019,""b""""Visiting the relative!!! ? ? ? #shrek #merlinannualpass #creatingmemories #southbank @ Shrek's Adventure https://t.co/8zYSR3ZtDv"""""",51.50188168,-0.11937338";;
nialecki,Sat Aug 10 15:34:49 +0000 2019,b'Throwing it back to last month: London.\n\n#uk #london #underground #tube #classic #inkusphotography? https://t.co/pi0LZzlDF1',51.50711486,-0.12731805;;
"nurikichi7,Sat Aug 10 15:34:35 +0000 2019,""b'??????????? (@ ????? - @visitparliament in London, Greater London, Greater London) https://t.co/KisCNaSvUh https://t.co/HysvJ9RwSD'"",51.50062,-0.124578";;
MissNDay,Sat Aug 10 15:33:48 +0000 2019,b'Just posted a photo @ Waitress the Musical https://t.co/MDq5JEliJC',51.51028151,-0.12311627;;
"adoxtnw,Sat Aug 10 15:30:25 +0000 2019,""b""""IT'S THE #EYE ???!\n\n#londoneye\n#london\n#SmashingSummer2019 @ London Eye https://t.co/CWRd8fVw4v"""""",51.5028201,-0.1192523";;
OfficialMrHunts,Sat Aug 10 15:29:03 +0000 2019,b'A #balance between #old &amp; #new. ELEVATION so far is sounding beautiful. In high honesty should throw in a few? https://t.co/qutDUwDABs',51.50711486,-0.12731805;
JamesYoung_91,Sat Aug 10 15:28:03 +0000 2019,b'Family trip to London! @ Wahlburgers UK https://t.co/g9gMN3wYku',51.51254184,-0.12327433;;
"adoxtnw,Sat Aug 10 15:27:45 +0000 2019,""b'The #London #skyline ! #cityscapes\n\nIf you know me, you know how fascinated I am for these furutistic crystal jungl? https://t.co/JnIXFz5jMA'"",51.50097,-0.12432";;
OfficialMrHunts,Sat Aug 10 15:26:56 +0000 2019,b'A #balance between #old &amp; #new. #ELEVATION so far is sounding beautiful. In high honesty should throw in a few? https://t.co/lic3YgXPGF',51.50711486,-0.12731805;
"SWTailoring,Sat Aug 10 15:25:41 +0000 2019,""b'Are we nearly home yet Dad ?       #mansbestfriend #daschund #dog #dogsofinstagram #tailor #london @ London, United? https://t.co/o3N7UWbk9n'"",51.50711486,-0.12731805";;
"adoxtnw,Sat Aug 10 15:24:46 +0000 2019,""b'At the #NationalGallery #London . Taking all that #art in. Lately, when I visit a #museum I become more interested? https://t.co/ULETJ4fMlx'"",51.50905122,-0.12809618";;
lordloftus,Sat Aug 10 15:24:38 +0000 2019,b'#noanimalswereharmed #inthemakingofthisbook #VEGbook by @jamieoliver &amp; #nodaylightwasusedintakingthisshot in memory? https://t.co/Q9vEVF3DcB',51.50711486,-0.12731805;
MCSImOnseZ,Sat Aug 10 15:24:01 +0000 2019,b'Catch me  alongside @djmilktray @bigbusinesshq @MrRedz jumping_jack_frost @DJPiedPiper @djstoney2000 @DJIronik THIS? https://t.co/Drk4yjK4sD',51.50699684,-0.11772914;;
"tmj_LON_adm,Sat Aug 10 15:22:15 +0000 2019,""b'Mastercard is hiring in #London, England! Click the link in our bio to apply: Penetration Tester, Vulnerability Management #IT'"",51.5073509,-0.1277583";;
devdutoit,Sat Aug 10 15:16:46 +0000 2019,b'Under the sea #aquarium @ SEA LIFE London Aquarium? https://t.co/wNDUMwra4p',51.50209503,-0.11982357;;
"reanix1,Sat Aug 10 15:13:38 +0000 2019,""b'Who needs a professional, eh? #diy #bathroom #wallpaper #fish #grahamandbrown #bathroomwallpaper @grahamandbrown @? https://t.co/J4dj5TcMYS'"",51.50711486,-0.12731805";;
"naifalsulaiman,Sat Aug 10 15:13:17 +0000 2019,""b""""I'm at @TheLondonEye in Lambeth, Greater London https://t.co/IBzxDcaQqF"""""",51.50328655,-0.11959434";;
GreyFoxBlog,Sat Aug 10 15:11:22 +0000 2019,b'Photoshoot for cravatclub blazer @dashingtweeds shirt @TheBuddTwit\n.\n#cravat #dapper #greyfoxstyles #greymodel? https://t.co/8Fm1DIQoOm',51.50711486,-0.12731805;;
Nawayr,Sat Aug 10 15:10:38 +0000 2019,b'??? ????? ?????? ? @ Soho https://t.co/nJB0dQ0QQM',51.513,-0.131;;
ReeceLeung,Sat Aug 10 15:05:42 +0000 2019,b'Jeremy Jones hippy jumping his pops Milton Jones. Read Jeremy?s interview from #9 of Vague online now. It?s up on? https://t.co/t8pDwanZFt',51.50711486,-0.12731805;;
"tmj_lon_sales,Sat Aug 10 15:05:23 +0000 2019,""b""""If you're looking for work in #London, England, check out this job: https://t.co/YGLOWoq9MT #Sales"""""",51.5073509,-0.1277583";;
"NicolaMalaguti,Sat Aug 10 15:05:09 +0000 2019,""b'The Solitude @ The National Gallery, Trafalgar Square https://t.co/aD2CfeTFZC'"",51.5084352,-0.12958691";;
"ToddyPeters,Sat Aug 10 15:04:52 +0000 2019,""b'My daughter, the cartoon spy!! #KimPossible @ London, United Kingdom https://t.co/ZRi7pMkdzA'"",51.50711486,-0.12731805";;
"sg1969,Sat Aug 10 15:02:36 +0000 2019,""b'Patterns - Stripes\nBorough Market, London. August 2018.\n.\n.\n.\n#fujifeed #streets_in_motion #streetphotography? https://t.co/uwbVUHLPOp'"",51.50711486,-0.12731805";;
DjLORDofficial,Sat Aug 10 15:00:50 +0000 2019,b'?BREAKING NEWS!?\nA tree falls in #London ????...cuz it?s WiNDY AF!\n@B_Real @rapstationtv \n#DjLORD #ProphetsOfRage? https://t.co/ChhUVbQfO9',51.51023,-0.13505;;
"tmj_lon_finance,Sat Aug 10 15:00:32 +0000 2019,""b'Baker Hughes, a GE Company is looking for teammates like you. See our latest Finance job openings, including """"Senio? https://t.co/NmcpfE3hCD'"",51.5073509,-0.1277583";;
nikoalgieri,Sat Aug 10 15:00:24 +0000 2019,b'georgialeggy smashing at #adidasstudioldn this morning and I rocked the thesecretboxinggym TRX Total Body Class. Ne? https://t.co/wYQhh1PNZD',51.50711486,-0.12731805;;
"lorettamangan,Sat Aug 10 14:59:40 +0000 2019,""b'Couldn?t think of anyone better to play dress up with, and pretend to be people we aren?t. ?? #secretcinema @ Londo? https://t.co/JOsp7Qdwms'"",51.50711486,-0.12731805";;
Moxyandcostudio,Sat Aug 10 14:56:53 +0000 2019,b'After doing a kitchen extension sometimes what was the dining room (in a Victorian house) becomes a dead space /dum? https://t.co/hD0eudRu4T',51.50711486,-0.12731805;;
Moxyandcostudio,Sat Aug 10 14:56:10 +0000 2019,b'After doing a kitchen extension sometimes what was the dining room (in a Victorian house) becomes a dead space /dum? https://t.co/DtjioovRxw',51.50711486,-0.12731805;;
Moxyandcostudio,Sat Aug 10 14:55:52 +0000 2019,b'After doing a kitchen extension sometimes what was the dining room (in a Victorian house) becomes a dead space /dum? https://t.co/KQS5mPtUmH',51.50711486,-0.12731805;;
Drmaryamalhamad,Sat Aug 10 14:54:12 +0000 2019,b'....\n\n?????????? ???????? ??????? ????????? ?????????? ??????? ?????????? ???????????? ??????? ???????????? ???????? https://t.co/5IRBsKIG7n',51.50711486,-0.12731805;;
"dresasbeautybar,Sat Aug 10 14:51:41 +0000 2019,""b'Cleeeeaaaan Lash Line ? @ London, United Kingdom https://t.co/yqjlyZCaIz'"",51.50711486,-0.12731805";;
"mitch_leow,Sat Aug 10 14:50:22 +0000 2019,""b'Living my best cover/understudy life today. Two shows on this Saturday on for Mr Birdbrain, Iago! Enjoy you weekend? https://t.co/muPNVG2HQu'"",51.51359537,-0.13069342";;
"NJPK83,Sat Aug 10 14:49:46 +0000 2019,""b'The V&amp";"A shop on an August Saturday was a bad idea. Now recovering w late lunch. (@ Balans Soho Society in Soho, Gre? https://t.co/yG9EGTJCer'"",51.51273381,-0.13253978";
"tmj_lon_legal,Sat Aug 10 14:47:42 +0000 2019,""b'Can you recommend anyone for this job? Senior Counsel, Digital Identity, Cyber &amp";" Intelligence Solutions -? https://t.co/4DIGhcKZ4o'"",51.5073509,-0.1277583";
"boyfromdagbon,Sat Aug 10 14:46:17 +0000 2019,""b'Follow your passions, believe in karma, and you won?t have to chase your dreams";" they will come to you.\n\n? by? https://t.co/H3IfWPGQa8'"",51.50711486,-0.12731805";
"Gallucks,Sat Aug 10 14:45:14 +0000 2019,""b'this sweater is mint ? @ London, United Kingdom https://t.co/6hANG53NQe'"",51.50711486,-0.12731805";;
"DaSweetnezz,Sat Aug 10 14:43:19 +0000 2019,""b'2,222 LIKES ON MY FACEBOOK MUSIC PAGE ??https://t.co/wIuf3Kqyip??! SO BLESSED, SO GRATEFUL AND I LOVE ALL 2,222 OF? https://t.co/eAhV5KRTAP'"",51.50711486,-0.12731805";;
hannahwlodx,Sat Aug 10 14:32:18 +0000 2019,b'??? @ Borderline https://t.co/lXVuYL23JR',51.51495684,-0.13034195;;
TomKoukoulis,Sat Aug 10 14:31:47 +0000 2019,b'#Queer #Yellow #RadicalFaerie #Witch #LateSummer #Butch #Femme #ButchFemme #Man #Woman #NonBinary #Eyeshadow @ Lond? https://t.co/NJGepxPTOl',51.50711486,-0.12731805;;
"Rickydodici,Sat Aug 10 14:29:51 +0000 2019,""b'London, day 4\n#londonholiday #day4 #saturday #august10th #theshard #towerbridge #london #uk #nofilter #motog5 #rk12? https://t.co/LyT5KsnNwY'"",51.50711486,-0.12731805";;
"jonathancreaser,Sat Aug 10 14:29:39 +0000 2019,""b'A welcoming face. #Barry #rabbit #harlequinrabbit #bunny #pet #London @ London, United Kingdom https://t.co/OCu8MNr9iX'"",51.50711486,-0.12731805";;
Noor_alhabib,Sat Aug 10 14:25:56 +0000 2019,b'Hello London ?? (@ London - @visitlondon in Greater London) https://t.co/Ry0hvgAB5R',51.50767403,-0.12788773;;
jess_mango,Sat Aug 10 14:25:08 +0000 2019,b'Fabulous pizza in a really charming locale. We ordered a half margherita and half lamb.  Highly recommend this plac? https://t.co/O3HVj7eN8X',51.514595,-0.1262445;;
DaSweetnezz,Sat Aug 10 14:23:13 +0000 2019,b'More #SaturdayMotivation from me sweetiez with a #Repost #Regram from this team of Kweens ? @wice_official\n?  ?  ?? https://t.co/ZLOSTLEfMV',51.50711486,-0.12731805;;
"AzziGlasser,Sat Aug 10 14:22:56 +0000 2019,""b'Azzi Glasser with the lovely Natasha Grano at #theperfumersstorybyazzi Studio - \nNatasha Grano wears the exotic, se? https://t.co/ERD0OeeYZE'"",51.50643,-0.12721";;
"DonaldKPete,Sat Aug 10 14:20:05 +0000 2019,""b'China Town, London\n.\n.\n.\nWhat an awesome Saturday, this is afternoon in Chinatown. ?London is a splendid place to l? https://t.co/PGfNeHfhSf'"",51.51157,-0.13165";;
"toluxwase,Sat Aug 10 14:18:05 +0000 2019,""b'MORE LOVE ? @ London, United Kingdom https://t.co/pXns3pyI0F'"",51.50711486,-0.12731805";;
FayeLFraser,Sat Aug 10 14:16:55 +0000 2019,b'Always going to see the way with my #solarpowered #littlesun by @olafureliasson every one purchased goes towards pr? https://t.co/mijaSoxiHJ',51.50711486,-0.12731805;;
"alturki6x,Sat Aug 10 14:16:30 +0000 2019,""b""""I'm at Covent Garden Market in London, Greater London https://t.co/eoZrCU6WBA"""""",51.51208628,-0.12317618";;
GlamGlitzGloss,Sat Aug 10 14:16:01 +0000 2019,b'Surround yourself with people who make you smile more ?\nDespite the fact that surprises feel me with slight dread a? https://t.co/iUVfBOA9nd',51.50711486,-0.12731805;;
"boyfromdagbon,Sat Aug 10 14:15:27 +0000 2019,""b'Life is not about finding yourself. Life is about creating yourself.\n\n? by @boyfromdagbon @ London, United Kingdom https://t.co/pHjUOvn5zJ'"",51.50711486,-0.12731805";;
"tmj_lon_it,Sat Aug 10 14:15:26 +0000 2019,""b'Can you recommend anyone for this job in London, United Kingdom? https://t.co/UQWsd3RroT #LEGO #IT'"",51.5073509,-0.1277583";;
"Sonic_Screwup,Sat Aug 10 14:14:32 +0000 2019,""b'Some #blood 2 snaps @ London, United Kingdom https://t.co/zOyMGDaREH'"",51.50711486,-0.12731805";;
"RakelBraz,Sat Aug 10 14:14:05 +0000 2019,""b'??? em London, United Kingdom https://t.co/1s0hRTnCKI'"",51.50711486,-0.12731805";;
seanjteale,Sat Aug 10 14:12:02 +0000 2019,b'Gray meets Gold. Spanish Pigeon. \n\nA good time with this lovely gang @philbarantini1 @hesterruoff walleychris rober? https://t.co/sTS1yTbgiD',51.50711486,-0.12731805;;
"CrisRetouch,Sat Aug 10 14:10:53 +0000 2019,""b""""If weekend, then Disco... if Disco, then Disco Bunny's up!!!\n______________________________________________________? https://t.co/5JLI3hvmSk"""""",51.5104595,-0.13195132";;
"tinmacc,Sat Aug 10 14:09:27 +0000 2019,""b'Most spontaneous night out ever. The bottle of ros? and snacks were on the house. Thank you, Sir Osh ?. (Apparently? https://t.co/LvIzw403QV'"",51.51058029,-0.13581443";;
"mandibula_veloz,Sat Aug 10 14:08:34 +0000 2019,""b""""In London I can eat Spanish food too. Lidl let me eat as Spanish this week. Thanks to lidlgb for that. I'm eternall? https://t.co/HvmRmSCSYK"""""",51.50711486,-0.12731805";;
"Roebucknw3,Sat Aug 10 14:07:32 +0000 2019,""b'Just posted a photo @ London, United Kingdom https://t.co/HUCwF8Otq0'"",51.50711486,-0.12731805";;
benxtan,Sat Aug 10 14:06:49 +0000 2019,b'Razorlegs: Tales From The Cosmic Gutter by @thenawlz \n\nFinally got around to getting a copy of this.\n\n@eyejackapp? https://t.co/lPTk8IDNbU',51.50711486,-0.12731805;;
WilsonGDUB,Sat Aug 10 14:05:29 +0000 2019,b'@thomasdemers and I had a great day touring London with @bearded_bell and Evan. Exciting to hear what all they are? https://t.co/NDTe4D58M0',51.50711486,-0.12731805;;
RyanWSinclair,Sat Aug 10 14:03:33 +0000 2019,b'Paul Weller ?Stanley Road? one of my favourite albums and definitely my favourite paulwellerhq #paulweller #lp? https://t.co/FKpVLHu4YP',51.50711486,-0.12731805;;
OfficialSenaH,Sat Aug 10 14:00:12 +0000 2019,b'#SaturdaySelfie #Selfie #JustMe #UpClose #WeekendVibes #WeekendOff #Famous #FamousBeanie #Beanie #NeonJumper? https://t.co/RdfZhm9lqW',51.50711486,-0.12731805;;
JLH062314,Sat Aug 10 14:00:03 +0000 2019,b'Finally getting myself some wingstopuk worth the trip to #London by itself ????? @ Wingstop UK https://t.co/h4KiJhiPlV',51.5130338,-0.1292583;;
"moux6_,Sat Aug 10 13:59:33 +0000 2019,""b""""I'm at Big Ben (Elizabeth Tower) - @visitparliament in London, Greater London, Greater London https://t.co/Dae7KPLwug"""""",51.50062,-0.124578";;
_theLBA_,Sat Aug 10 13:58:50 +0000 2019,b'Shout out to allofficials who are making hiring officials easy. Officials in London can sign up now &amp; event organiz? https://t.co/IgUYWP8wjJ',51.50711486,-0.12731805;
"tmj_CAM_retail,Sat Aug 10 13:57:55 +0000 2019,""b'Interested in a job in #London, England? This could be a great fit. Click the link in our bio to apply: Tailor - 8? https://t.co/hK64I197Lq'"",51.5073509,-0.1277583";;
"DjObiAjEnt,Sat Aug 10 13:57:39 +0000 2019,""b'Refresh your weekend.\n@pepsi_naija . @ London, United Kingdom https://t.co/RHNSkbhuLc'"",51.50711486,-0.12731805";;
"tmj_lon_sales,Sat Aug 10 13:57:35 +0000 2019,""b'Nervous to apply for a job like """"Sales Associate, Technology Channel Financing/ Supply Chain Finance"""" at Wells Farg? https://t.co/8nJV0esgZq'"",51.5073509,-0.1277583";;
LarryBUXXX,Sat Aug 10 13:57:01 +0000 2019,b'?NEXT MOVE? available to stream on YouTube NOW. Hit link in bio for more. \n\n#london #canarywharf #hiphop #rap? https://t.co/eJqw7KMkET',51.50711486,-0.12731805;;
"nvaaff,Sat Aug 10 13:55:37 +0000 2019,""b""""I'm at The London Eye in Lambeth, Greater London https://t.co/q0LSKyH6nN"""""",51.50328655,-0.11959434";;
"wellnesstvnews,Sat Aug 10 13:55:09 +0000 2019,""b'London Restaurant Launches Deep-Fried Vegan Magnums\n\nHalo Burger in Brixton, which offers a fully plant-based menu,? https://t.co/HMZMg8feHo'"",51.50711486,-0.12731805";;
"8and2,Sat Aug 10 13:54:09 +0000 2019,""b'@alexa_chung for @wwd at her studio, London ?? talking about collaboration with @barbour @ London, United Kingdom https://t.co/C9sXDZ7PVP'"",51.50711486,-0.12731805";;
DaSweetnezz,Sat Aug 10 13:53:47 +0000 2019,b'#SaturdayMotivation with a #Repost #Regram from this beautiful song bird and Kween ? @iamjojo\n?  ?  ?  ?  ?\n??????? https://t.co/c4PNPmbzPR',51.50711486,-0.12731805;;
"pukkapresenting,Sat Aug 10 13:53:45 +0000 2019,""b""""Video presenting tip - \nYou might be thinking of wearing something warm in today's chilly wind, well I really love? https://t.co/Tto3A0tVUM"""""",51.513237,-0.1280431";;
"naifalsulaiman,Sat Aug 10 13:53:40 +0000 2019,""b""""I'm at @ChristophersWc2 in Covent Garden, Greater London https://t.co/70UJOXVtJY"""""",51.51176833,-0.1196162";;
"DonaldKPete,Sat Aug 10 13:53:26 +0000 2019,""b""""Piccadilly Circus Station, London ??\n.\n.\n.\nLondon is calling but I've to leave for another destination soon?\n.\n.\n.? https://t.co/e69EIY3ylV"""""",51.51004678,-0.13420392";;
"BridgeScanner,Sat Aug 10 13:52:50 +0000 2019,""b'We are pleased to present you the amazing Young Chelsea Ladies Teams - 2019 tournament, which will be held in Londo? https://t.co/RhxdEgf0JO'"",51.50711486,-0.12731805";;
"TaniaSwiftLdn,Sat Aug 10 13:52:06 +0000 2019,""b'Female empowerment is growing all the time, women inspiring others to be true to themselves, to what they believe a? https://t.co/w5ryGL1EZS'"",51.50711486,-0.12731805";;
DoolanAnna,Sat Aug 10 13:51:02 +0000 2019,b'An absolute hoot and pleasure being at the the_wig_room_training_academy with the incredibly talented hsmakeup styl? https://t.co/9TcMM8A9ub',51.50711486,-0.12731805;;
twistedmalemag,Sat Aug 10 13:49:25 +0000 2019,b'Werbung - How do u #like our fav #fashion pick?! @3paradis ? See full #collection @twistedmalemag .\nLink in Bio!? ?? https://t.co/A4ZSpaGFKP',51.50711486,-0.12731805;;
"eva_sheffield,Sat Aug 10 13:48:23 +0000 2019,""b'Hugo started to hate his carrycot in the last few weeks so we have been using car seat attachment, not ideal for lo? https://t.co/zMKV2oswAA'"",51.50711486,-0.12731805";;
9jalicious,Sat Aug 10 13:47:36 +0000 2019,b'Get  yours from ????jewelofd9ja? #Saturday  #motivation  like &amp;? follow???@9jalicious ?#saturday #motivation ??? https://t.co/j4yzVmadZS',51.50711486,-0.12731805;
"official_danik,Sat Aug 10 13:45:15 +0000 2019,""b'PARKRUN 175 COMPLETED - Victoria Dock, London, UK + Long training run completed\n\nRight, the stats for me: another n? https://t.co/Mhn1h6EekC'"",51.50711486,-0.12731805";;
"harbour_red,Sat Aug 10 13:43:42 +0000 2019,""b'Max and I are having a day off and catching up with some sleep, watching the brilliant Jessica Fletcher, Murder She? https://t.co/ad4BnnTbhz'"",51.50711486,-0.12731805";;
"drmuratustun,Sat Aug 10 13:40:10 +0000 2019,""b'Just posted a photo @ London, United Kingdom https://t.co/M1rL3gnTNG'"",51.50711486,-0.12731805";;
benxtan,Sat Aug 10 13:39:17 +0000 2019,b'Augmented reality sticker by @thenawlz using @eyejackapp \n\nNixi Killick @nixikillick NXK\nCollection: Cryptic Freque? https://t.co/vlN5LzNbXM',51.50711486,-0.12731805;;
shardybachan,Sat Aug 10 13:37:43 +0000 2019,b'Logos are symbols made up of text and images that help us identify brands we like. It helps customers understand wh? https://t.co/b1ZDFmtGiq',51.50711486,-0.12731805;;
ScottMcFarnon,Sat Aug 10 13:36:29 +0000 2019,b'Celebrating 40 years in the most wonderful way last night at @kerridgesbandg ...\n\nAll a big surprise from my beauti? https://t.co/DQRscQp9Ij',51.50675552,-0.12470962;;
DaSweetnezz,Sat Aug 10 13:33:06 +0000 2019,b'In Honour of one of my all time favourite singers...\n\nHappy Belated Birthday whitneyhouston I will always love you!? https://t.co/kg6DURAxyo',51.50711486,-0.12731805;;
nahoko_k,Sat Aug 10 13:31:09 +0000 2019,b'Today?s catch from #newcoventgardenmarket. French Apricots. Such a beauty. So good eating fresh. But let?s make the? https://t.co/BDf2Bh5jz4',51.50711486,-0.12731805;;
"benxtan,Sat Aug 10 13:27:49 +0000 2019,""b'One of the pages from #prostheticreality, a collection of augmented reality art from 45 artists around the world, c? https://t.co/GAr7SDSjtP'"",51.50711486,-0.12731805";;
Charlene685,Sat Aug 10 13:27:46 +0000 2019,b'Birthday Brunching!! Happy Birthday Lady Laura @ladylaura_1_ @ 100 Wardour St https://t.co/6ZJKXywb2D',51.51359483,-0.13388221;;
misshussey,Sat Aug 10 13:26:33 +0000 2019,b'Yum @ Petersham Nurseries https://t.co/AhEfZ6WtNE',51.51165097,-0.12507714;;
"tmj_LON_adm,Sat Aug 10 13:24:51 +0000 2019,""b'Don\'t be shy. Score a job like """"Cognos Technology Lead"""" at CWT by asking for referrals. It\'s a great way to get a m? https://t.co/Bwu1vLqLI6'"",51.5073509,-0.1277583";;
"alturki6x,Sat Aug 10 13:24:18 +0000 2019,""b""""I'm at Franco Manca in Covent Garden, Greater London https://t.co/q0JoGMBSRQ"""""",51.51090861,-0.12277988";;
"thatgrimes,Sat Aug 10 13:22:35 +0000 2019,""b'The #AdventuresOfCaptainAbearica continue with a Full English Breakfast, trip on the Tube, a visit to Trafalgar Squ? https://t.co/XZukoWiJmr'"",51.50711486,-0.12731805";;
meekhan4,Sat Aug 10 13:21:28 +0000 2019,b'Repost from https://t.co/Obzqa3JyQz using repostregramapp - ?????? #STARBOYFEST...\n???????????\n??@wizkidayo @theo2? https://t.co/TRcVzK2qT4',51.50711486,-0.12731805;;
catherine_sop,Sat Aug 10 13:19:58 +0000 2019,b'So excited - just reading the programme has already brought a lump to my throat... #westendshow #comefromaway? https://t.co/CvExlu7ts5',51.51448481,-0.12934685;;
misshussey,Sat Aug 10 13:19:00 +0000 2019,b'Cindy Sherman @npglondon @ National Portrait Gallery https://t.co/1yeOIsiRAh',51.50942938,-0.12797723;;
Itesmee,Sat Aug 10 13:18:55 +0000 2019,b'#igtv #music #instagram #youtube #igtvchannel #like #video #art #igtvcommunity #love #follow #ed #renner #funny? https://t.co/PLFcLUpw0m',51.50711486,-0.12731805;;
misshussey,Sat Aug 10 13:13:07 +0000 2019,b'BP portrait award was inspiring as always ??\n\n#embroidery #art #illustration #portraits #exhibition #london #vsco? https://t.co/EEQgbsz4Kz',51.50905122,-0.12809618;;
biancalflf,Sat Aug 10 13:08:13 +0000 2019,b'Shoes and pretty bags will always have a special place in my heart ?? #liketkit https://t.co/lgDubBXL7I? https://t.co/dOLxuUuGEM',51.50711486,-0.12731805;;
"MsEmmaClifford,Sat Aug 10 13:05:57 +0000 2019,""b""""Theatre trip! Excited to see this one! @ The Duke of York's Theatre https://t.co/G2FFid1Hct"""""",51.5102701,-0.1270749";;
"worshipguiel5,Sat Aug 10 13:05:49 +0000 2019,""b'?? (@ The Mall in London, Greater London) https://t.co/JLaPi5pigg'"",51.50607881,-0.13012449";;
Beaut_Ldn,Sat Aug 10 13:05:43 +0000 2019,b'Bridal Set of Classic Lash Extensions #lashesfordays #lashextensions #classiclashextensions #lashtech? https://t.co/5mW2eCfIte',51.50711486,-0.12731805;;
"WWV_HUB,Sat Aug 10 13:05:24 +0000 2019,""b""""BODY CONFIDENCE ISSUES? FIND OUT HOW JOSIE GOT HER GROOVE BACK. \n.\nTomorrow on my Stories on A Sunday Series I'll b? https://t.co/QUh0OhK2Mv"""""",51.50711486,-0.12731805";;
UKbrieftherapy,Sat Aug 10 13:04:37 +0000 2019,b'The London Eye. @ The Official London Eye https://t.co/zhUci2UUlz',51.503324,-0.119543;;
maximilian2027,Sat Aug 10 13:02:12 +0000 2019,b'SDENTALES / Sony Alpha 7III / UNITED KINGDOM / February 2019 / London\n\nC791\n\nhttps://t.co/ymyWfrjt4f\n\nSDENTALES pho? https://t.co/NUDzqQzk8j',51.50711486,-0.12731805;;
"vipboss82,Sat Aug 10 13:01:55 +0000 2019,""b'Apple ? iPod ? Touch 7th Generation (2019) Model - 128GB Silver ?200 (?300 in The Shops) @ London, United Kingdom https://t.co/Kc0FZmjktO'"",51.50711486,-0.12731805";;
"JP_Artist1,Sat Aug 10 13:01:43 +0000 2019,""b""""Sometimes in life you've got to overcome, if you're listening to this right now you can overcome. Check out my late? https://t.co/AvakZmveX1"""""",51.50711486,-0.12731805";;
"terrytopcat,Sat Aug 10 13:01:06 +0000 2019,""b'Buddhism Day By Day Daisaku Ikeda NMRK ? @ London, United Kingdom https://t.co/yvEEOWFikj'"",51.50711486,-0.12731805";;
tonymoore1,Sat Aug 10 13:01:01 +0000 2019,b'Today?s gang on @sohoradio cmacca18 @molliemarriott glenmatlock1 @real_earl_slick @ Soho Radio https://t.co/hBdOow4SZb',51.51164,-0.13447;;
TalksLondon,Sat Aug 10 13:00:23 +0000 2019,b'@SalonLondon Have you got any interesting talks coming up? Feel free to add them to our site :) https://t.co/cBal12KoM3',51.500152,-0.126236;;
"HLewandowska,Sat Aug 10 12:59:42 +0000 2019,""b'Yesterday was goodbyes and excursions around London. Had lunch in St. James Park, those Pelicans are HUGE! The pala? https://t.co/Y4DO7ogZ8v'"",51.50711486,-0.12731805";;
"racheljp21,Sat Aug 10 12:57:32 +0000 2019,""b'Staff Summer Boat Party! ? #90stheme @ London, United Kingdom https://t.co/3aoQQdfdSN'"",51.50711486,-0.12731805";;
clarebearski,Sat Aug 10 12:57:21 +0000 2019,b'Because we haven?t been to the theatre in ages....!! #saturdayvibes #theatrefun l @ Come From Away UK https://t.co/Oa282nQF6R',51.51448481,-0.12934685;;
"MartinZeelandt,Sat Aug 10 12:56:49 +0000 2019,""b'Really a great car to drive! #corolla @ London, United Kingdom https://t.co/SwzuKFnbBP'"",51.50711486,-0.12731805";;
"Ollycat8,Sat Aug 10 12:56:48 +0000 2019,""b'Cornish girls in London, after 20 years we are all still the same really ? This birthday has really reminded me how? https://t.co/RtINSs5Z7W'"",51.50711486,-0.12731805";;
mr_jk19,Sat Aug 10 12:55:50 +0000 2019,b'About to watch @jamiemusical with @mikeknowlsey @ Apollo Theatre https://t.co/34olwErc7a',51.511472,-0.133417;;
"worshipguiel5,Sat Aug 10 12:53:49 +0000 2019,""b'??????????? (@ ????????? in London, Greater London, London) https://t.co/39qcoE2otT https://t.co/re2RIdKypG'"",51.50812812,-0.12808621";;
Jaylimusic,Sat Aug 10 12:51:45 +0000 2019,b'Were smiling because we got some news. @djjoshuaroberts on my stories shortly...But first...Catch me today at 4pm? https://t.co/jsDaVN6rzy',51.50711486,-0.12731805;;
"SpaceStBarth,Sat Aug 10 12:51:14 +0000 2019,""b'IN THE STUDIO - Fall in love with the romantic landscapes by @Netienne1 \n??\nDm for the details ? @ London, United K? https://t.co/RJcx0GElml'"",51.50711486,-0.12731805";;
"tmj_lon_sales,Sat Aug 10 12:49:46 +0000 2019,""b'Have you ever had a role like """"Business Development Executive - Social Tables""""? What did you like most about that j? https://t.co/LuYaLM8CMS'"",51.5073509,-0.1277583";;
"tmj_lon_retail,Sat Aug 10 12:49:35 +0000 2019,""b'This job might be a great fit for you: Store manager Carnaby St - https://t.co/hHVRB93WDn #Retail #London, England'"",51.5073509,-0.1277583";;
"lukefermor,Sat Aug 10 12:48:52 +0000 2019,""b'I?m considering taking up cycling. Like my new bike?\n#veuveclicquot #cycling #mykindofbike @ London, United Kingdom https://t.co/yaeLnk0VKD'"",51.50711486,-0.12731805";;
"ii2lxe,Sat Aug 10 12:47:12 +0000 2019,""b""""I'm at London - @visitlondon in Greater London https://t.co/TQJpSmN4zv"""""",51.50767403,-0.12788773";;
TrashySithSpawn,Sat Aug 10 12:46:41 +0000 2019,b'I just finished running 2.47 miles in 30m:25s with #Endomondo #endorphins null',51.51046626,-0.13424548;;
"GillibusSF,Sat Aug 10 12:46:15 +0000 2019,""b'Welcome back Jimmy and Claire @ London, United Kingdom https://t.co/pIGyxDgkmn'"",51.50711486,-0.12731805";;
"hfaresi__,Sat Aug 10 12:46:09 +0000 2019,""b'?? (at @TheLondonEye in Lambeth, Greater London) https://t.co/1DjxAfRaJj https://t.co/LkTlUasf7W'"",51.50328655,-0.11959434";;
KevinScullion,Sat Aug 10 12:45:28 +0000 2019,b'Male Model \n-\n-\n-\n-\n#suit #bluesuit #portrait #portraitphotography #portraitphotographer #fashion? https://t.co/IIeXWG1qvL',51.50711486,-0.12731805;;
DaveYoup,Sat Aug 10 12:41:59 +0000 2019,b'Drinking an ESB by @Fullers at @redlionsw1 ? https://t.co/6zxg3GKEUX',51.5021,-0.125733;;
KevinScullion,Sat Aug 10 12:40:44 +0000 2019,b'Male Model\n-\n-\n-\n-\n#portrait #portraitphotography #portraitphotographer #model #modelling #muscle #topless? https://t.co/3eeFjAsiYi',51.50711486,-0.12731805;;
MandaKatarina,Sat Aug 10 12:40:41 +0000 2019,b'Har precis lagt upp ett foto @ Coca-Cola London Eye https://t.co/O7e2IuqsT3',51.503324,-0.119543;;
"DonaldKPete,Sat Aug 10 12:39:38 +0000 2019,""b""""Piccadilly Circus, London ??\n.\n.\n.\nCan't count how many times we've been here but today's so free and London weathe? https://t.co/NzM7REwBPH"""""",51.51004678,-0.13420392";;
"Jalex5,Sat Aug 10 12:38:33 +0000 2019,""b'With a fam, be happy ?? ?\n#london #family #happy en London, United Kingdom https://t.co/LJRFcRhQlM'"",51.50711486,-0.12731805";;
"CamishkaL,Sat Aug 10 12:36:23 +0000 2019,""b'So much common sense in this post, a real eye opener !Highly recommend following @lesswastelaura for a lot of tips? https://t.co/LwdRoEVJxn'"",51.50711486,-0.12731805";;
BiruteNomeda,Sat Aug 10 12:35:38 +0000 2019,b'Journey through the drawing _2.#expendedfieldofdrawing #sladesummerschool2019 #contemporarydrawing? https://t.co/pxUIdWuQAW',51.50711486,-0.12731805;;
"9jalicious,Sat Aug 10 12:35:01 +0000 2019,""b'Watch full video on my Facebook fanpage?? @ London, United Kingdom https://t.co/tPxAakcjRY'"",51.50711486,-0.12731805";;
Eve_ScienceTech,Sat Aug 10 12:34:22 +0000 2019,b'Just posted a photo @ Harry Potter and the Cursed Child https://t.co/3IXdwVXdRt',51.51233,-0.1309;;
KevinScullion,Sat Aug 10 12:34:03 +0000 2019,b'Male Model\n-\n-\n-\n-\nblackandwhite_photographers #portrait #portraitphotography #portraitphotographer #model? https://t.co/e25uh4AlR4',51.50711486,-0.12731805;;
"legaIIylatina,Sat Aug 10 12:30:10 +0000 2019,""b'Theatre land ? #london @ London, United Kingdom https://t.co/rY2OZLTuq8'"",51.50711486,-0.12731805";;
"Snack_X,Sat Aug 10 12:29:53 +0000 2019,""b""""I'm at National Portrait Gallery - @npglondon in London, Greater London https://t.co/dEGwJD1Skv"""""",51.50943806,-0.12803243";;
bavbhp,Sat Aug 10 12:27:20 +0000 2019,b'There is road presence then there is presence of a Lamborghini Aventador. \n\n#lamborghini #aventador #scotland #bhp? https://t.co/iBUOWM1NvQ',51.50711486,-0.12731805;;
JohnOv3rblast,Sat Aug 10 12:26:01 +0000 2019,b'John Ov3rblast \nNon-Places LP\nSpaceal Orbeats\nExclusive Juno download 12 August\nThe beat goes on.\n#abstractart? https://t.co/ihbDhCVf2G',51.50711486,-0.12731805;;
simonsphoto,Sat Aug 10 12:25:55 +0000 2019,b'Last night we went to the @udderbellyfest #southbank #london #spiegeltent 30 Years of the @phoenixartsclub #show? https://t.co/JCaNg1fuv9',51.50481168,-0.11811113;;
"PersianPrince85,Sat Aug 10 12:25:18 +0000 2019,""b'? New Vlog Alert ?\n .\nMy First Business Trip Vlog\n.\nJoin me on my very first work trip, on the hottest day of the y? https://t.co/UYR8ZPjQge'"",51.50711486,-0.12731805";;
simonsphoto,Sat Aug 10 12:24:47 +0000 2019,b'Last night we went to the @udderbellyfest #southbank #london #spiegeltent 30 Years of the @phoenixartsclub #show? https://t.co/gwlvuEea1K',51.50481168,-0.11811113;;
JT_Hyde,Sat Aug 10 12:23:25 +0000 2019,b'This could be an interesting boat cruise.\n#craftbeercruise @ Festival Pier Southbank https://t.co/DXlEgwz3yB',51.50699684,-0.11772914;;
"JordiPiqueras,Sat Aug 10 12:21:44 +0000 2019,""b'@deanboroczky #london?? en London, United Kingdom https://t.co/i0mJHDTv7D'"",51.50711486,-0.12731805";;
simonsphoto,Sat Aug 10 12:21:35 +0000 2019,b'Last night we went to the @udderbellyfest #southbank #london #spiegeltent 30 Years of the @phoenixartsclub #show? https://t.co/vSwGevDKbB',51.50481168,-0.11811113;;
"Jacqui_Stafford,Sat Aug 10 12:16:44 +0000 2019,""b'Saturday in London and getting things done. ? #london #home #britain @ London, United Kingdom https://t.co/c72SMSv5jo'"",51.50711486,-0.12731805";;
"africafwl,Sat Aug 10 12:14:21 +0000 2019,""b""""Swipe left for more from Day 1 of #AFWL 2019. Come witness an extraordinary spectacle today, Day 2 and Don't miss o? https://t.co/eLOKgabhrH"""""",51.50711486,-0.12731805";;
paulpease66,Sat Aug 10 12:11:37 +0000 2019,b'@bethanypease taking me out for my birthday pressie ? @ Covent Garden Hotel https://t.co/6JstsutHSQ',51.51449493,-0.12706575;;
"sir_tomalot,Sat Aug 10 12:10:12 +0000 2019,""b'Nice skyline @ London, United Kingdom https://t.co/Qu9Aa2chGt'"",51.50711486,-0.12731805";;
"tmj_lon_jobs,Sat Aug 10 12:08:43 +0000 2019,""b""""If you're looking for work in #London, England, check out this job: https://t.co/TtslfKchTS"""""",51.5073509,-0.1277583";;
"tmj_lon_jobs,Sat Aug 10 12:08:43 +0000 2019,""b""""If you're looking for work in #London, England, check out this job: https://t.co/TtslfKchTS"""""",51.5073509,-0.1277583";;
HAZZENATA,Sat Aug 10 12:08:19 +0000 2019,b'highend.visuals ?#uk_shooters?#la_shooters? https://t.co/gNJNIBXsFD',51.51198765,-0.12269497;;
"ViniciusSian,Sat Aug 10 12:05:52 +0000 2019,""b'? London Eye em London, United Kingdom https://t.co/MBtex191NP'"",51.50711486,-0.12731805";;
"Vlomography,Sat Aug 10 12:05:37 +0000 2019,""b'? ?  #saturday #plants #green #dinosaur #london @ London, United Kingdom https://t.co/Rk2CpJOlhp'"",51.50711486,-0.12731805";;
"_LondonUK,Sat Aug 10 12:04:37 +0000 2019,""b'current weather in London: shower rain, 19?C\n60% humidity, wind 11kmh, pressure 1004mb'"",51.51,-0.13";;
"_xpandicorn_,Sat Aug 10 12:04:15 +0000 2019,""b""""Seconda tappa: St. James?s Park ? @ St James's Park https://t.co/oQUgEpgMt8"""""",51.50166667,-0.13194444";;
"KylieVilcins,Sat Aug 10 12:01:21 +0000 2019,""b'Yup ?? \n\n#ThoughtForTheDay #SaturdayMusings\n\n#PeaceAndHappiness #Harmony #Love @ London, United Kingdom https://t.co/1l7MtWYMZr'"",51.50711486,-0.12731805";;
LAKU_DAVIES,Sat Aug 10 12:01:20 +0000 2019,b'When they said windy and heavy rain ?????\n==============================================================\nHey there? https://t.co/D972r1q8Lh',51.50711486,-0.12731805;;
"cottonandolive,Sat Aug 10 11:59:07 +0000 2019,""b""""A snapshot of Cotton and Olive's hammams. Do you feel the positive  energy they are oozing? \n\n#keepwell #goodenergy? https://t.co/AGwhtc0fCj"""""",51.50711486,-0.12731805";;
PsycSyritasGlow,Sat Aug 10 11:58:33 +0000 2019,b'Be in your truth....even if you feel alone. You will eventually gain &amp; attract respect for it! \n.\nSTAND IN YOUR TRU? https://t.co/rzzPE16WIy',51.50711486,-0.12731805;
MartinaBohn,Sat Aug 10 11:56:31 +0000 2019,b'Pink candy beret #martinabohn #martinabohnhats #londonhat #londonmade #londonhats #lovehats #hatlover #pinkberet? https://t.co/XdgQTGS8Bq',51.50711486,-0.12731805;;
SyritasGlow,Sat Aug 10 11:54:44 +0000 2019,b'Be in your truth....even if you feel alone. You will eventually gain &amp; attract respect for it! \n.\nSTAND IN YOUR TRU? https://t.co/j0NMwV4CNK',51.50711486,-0.12731805;
"tmj_LON_cstsrv,Sat Aug 10 11:52:59 +0000 2019,""b'IQVIA is hiring in #London, England! Click the link in our bio to apply: Senior Client Services Analyst #CustomerService'"",51.5073509,-0.1277583";;
"MeggyMoo2013,Sat Aug 10 11:52:25 +0000 2019,""b'Had a great night at the grand re-opening of Casino Royale @secretcinema yesterday! Awesome storyline, great charac? https://t.co/lEF39krluM'"",51.5156933,-0.1290703";;
"OSORIOTOLEDO,Sat Aug 10 11:48:43 +0000 2019,""b'Acaba de publicar una foto en London, United Kingdom https://t.co/LwMk1kdxIK'"",51.50711486,-0.12731805";;
"ivpppacheco,Sat Aug 10 11:48:31 +0000 2019,""b'?Go ahead and stand in front of that mirror, put your arms around yourself, caress your face and close your eyes. T? https://t.co/NnYV8uxHcm'"",51.50711486,-0.12731805";;
"baristikmi,Sat Aug 10 11:46:58 +0000 2019,""b'?@ozlemdinca / @turquazzfest \n\n theoriginsuk \n.\n#barisdemirel #theoriginsuk #turquazzfestival #london @ London, Uni? https://t.co/pTPgS0Xe5M'"",51.50711486,-0.12731805";;
"enigmaticalcat,Sat Aug 10 11:46:06 +0000 2019,""b""""I'm at Brompton Junction in London https://t.co/5OFVg9OG6X"""""",51.51448055,-0.12223036";;
NicoleKingLove,Sat Aug 10 11:45:30 +0000 2019,b'... and getting up early to do the run also gave me time to visit my fave gallery elizabethjamesgallery and catch u? https://t.co/aU9QSadkus',51.50711486,-0.12731805;;
"LouPollard,Sat Aug 10 11:43:20 +0000 2019,""b'?I want to be the girl with the most cake.? #caitlinmoran #books #authors @ London, United Kingdom https://t.co/Awh3YGlQ9B'"",51.50711486,-0.12731805";;
Chris_1987,Sat Aug 10 11:42:25 +0000 2019,b'Ready for jojo_303?s &amp; Luke?s big day ??????\n\n#Couple #Wedding #BigDay #London #Gay #GayUk #GayCouple #Cute #Happy? https://t.co/VJXBWhVTNz',51.50711486,-0.12731805;
"tmj_lon_sales,Sat Aug 10 11:41:58 +0000 2019,""b'Interested in a job in #London, England? This could be a great fit. Click the link in our bio to apply: VP Speciali? https://t.co/rutMXmJOK5'"",51.5073509,-0.1277583";;
MCRFrontrunners,Sat Aug 10 11:41:24 +0000 2019,b'Thanks for having us #LondonFrontrunners for priderun10k We had a blast ??????\n.\n.\n#ManchesterFrontrunners #AwayDay? https://t.co/hrFXoyc5f4',51.50711486,-0.12731805;;
"IQVIAcareers,Sat Aug 10 11:40:08 +0000 2019,""b""""We're hiring! Read about our latest job opening here: Key Account Manager - North East London -? https://t.co/wvClCqIlSF"""""",51.5073509,-0.1277583";;
DjLORDofficial,Sat Aug 10 11:39:34 +0000 2019,b'?GOOD AFTERNOON? #LONDON ??\n..day-OFF!...just landed...scratchin? on my @reloopdj portable...like dis.??\n(?:? https://t.co/OSGmodJf4r',51.50711486,-0.12731805;;
"TheJasonDomino,Sat Aug 10 11:38:33 +0000 2019,""b'Time for something naughty...\nClothing by @RegulationLTD\n#fetishwear #leatherharness #instagay @ London, United Kin? https://t.co/YCq4yt7aiY'"",51.50711486,-0.12731805";;
719rind,Sat Aug 10 11:38:17 +0000 2019,b'#London. #bigben #Daleyvacation. @ Big Ben https://t.co/DZeIkniRB7',51.5007292,-0.1246254;;
prettyxcool,Sat Aug 10 11:36:45 +0000 2019,b'Did not even knew this path exists! \n\n#secretlondon #beautifullocations #saturdaymorning #saturdaystroll #stroll? https://t.co/GOu2uyxYhN',51.50711486,-0.12731805;;
mr_jk19,Sat Aug 10 11:35:36 +0000 2019,b'Coffee and pastry for lunch #surpriselondontrip @ Coffee Island UK https://t.co/czdYJ83F2C',51.5124593,-0.1273427;;
"romeofineboy,Sat Aug 10 11:35:16 +0000 2019,""b'Best Cappuccino?\n#cappuccino @ London, United Kingdom https://t.co/YtSxt9fhQ5'"",51.50711486,-0.12731805";;
"fashlovesphotos,Sat Aug 10 11:32:50 +0000 2019,""b'Wind and rain proofed. ?? Let the Saturday adventures commence! @ London, United Kingdom https://t.co/cgp2eD9pXH'"",51.50711486,-0.12731805";;
"BaldwinsCoins,Sat Aug 10 11:30:23 +0000 2019,""b'The Victorian bronze pennies remain a heavily collected area in the British series, not least because of the variet? https://t.co/aKAKPZcazC'"",51.51056865,-0.12248844";;
"tmj_lon_it,Sat Aug 10 11:28:57 +0000 2019,""b""""We're hiring! Read about our latest job opening here: Java Developer - https://t.co/IZmZOiDWaZ #IT #London, England"""""",51.5073509,-0.1277583";;
DaveYoup,Sat Aug 10 11:28:01 +0000 2019,b'Drinking a LPA ? London Pale Ale by @southwarkbeer at @greeneking ? https://t.co/vdidTYpWFR',51.5006,-0.131782;;
"tmj_lon_adv,Sat Aug 10 11:25:25 +0000 2019,""b'Rubicon Project is hiring in #London! Click the link in our bio to apply: Account Director, Buyer #Marketing'"",51.5073509,-0.1277583";;
WillJackWard,Sat Aug 10 11:25:17 +0000 2019,b'?Sssssmokin???? ? \n.\n.\n.\n.\n.\n.\n.\n.\n.\n.\nlensbible\ntravelawesome\n@discvrearth\n@annajewels87\nvisualscollective\nmoodygr? https://t.co/gJD23zQKEi',51.50711486,-0.12731805;;
TinyHoudini,Sat Aug 10 11:25:00 +0000 2019,b'Feeling mighty fine ? \nMUA: @MissC_Daniela #Photoshoot #Melanin #FaceBeat #MakeUpOnFleek #Model #Modelling #Actress? https://t.co/4wwJ4xjne3',51.50711486,-0.12731805;;
BrockwayL,Sat Aug 10 11:24:25 +0000 2019,b'The last week flew by WAY too quickly. Had the most amazing time sailing along the Norwegian Fjords ? #Norway? https://t.co/OxP7DmR2Wm',51.50711486,-0.12731805;;
"Roebucknw3,Sat Aug 10 11:18:30 +0000 2019,""b'I like it iced. #CoffeeFix @ London, United Kingdom https://t.co/G1xrlna3PT'"",51.50711486,-0.12731805";;
"indexdex,Sat Aug 10 11:18:03 +0000 2019,""b""""Today my Single #Passport is officially out on all digital platforms. Exciting times to be alive. I'm very proud of? https://t.co/LVq7Ui766h"""""",51.50711486,-0.12731805";;
"Roebucknw3,Sat Aug 10 11:17:35 +0000 2019,""b'Just posted a photo @ London, United Kingdom https://t.co/Qf08XPMk0b'"",51.50711486,-0.12731805";;
"Roebucknw3,Sat Aug 10 11:17:12 +0000 2019,""b'Coffee fix #IcedCoffee @ London, United Kingdom https://t.co/tK6HBgYvHl'"",51.50711486,-0.12731805";;
"Dentist81,Sat Aug 10 11:16:28 +0000 2019,""b'?? ??? ? ????? ???? ?????? ?? ???? ?????? ? ??????? ? @ London, United Kingdom https://t.co/gwmPf2aElF'"",51.50711486,-0.12731805";;
"johnnystorm,Sat Aug 10 11:16:03 +0000 2019,""b'On the embankment, bee-side the Thames. @ London, United Kingdom https://t.co/mQjYv5v8PL'"",51.50711486,-0.12731805";;
"enigmaticalcat,Sat Aug 10 11:15:10 +0000 2019,""b""""I'm at @TKMaxx_uk in London, Greater London https://t.co/4FHAnSjJCs"""""",51.51213056,-0.1257903";;
"Nate__James,Sat Aug 10 11:13:07 +0000 2019,""b""""Don't care WHAT the weather..... I'm WEARING the outfit! ???\n.\n.\n.\n.\n#whitneyhouston #happybirthday #mensfashion? https://t.co/ghwcqztogF"""""",51.50711486,-0.12731805";;
martyna_137,Sat Aug 10 11:11:13 +0000 2019,b'Traditional lamb soup en route!! #lovecooking #happy #family #gjurrainvestments #gjurra #emigjurra #albania? https://t.co/Ctgvoq5Vok',51.50711486,-0.12731805;;
nonococoauk,Sat Aug 10 11:07:48 +0000 2019,b'Not the sort of wind for kite flying! My son who loves kits will have to wait till the winds slow down. What is eve? https://t.co/ySybfNdL4W',51.50711486,-0.12731805;;
"Amphibic,Sat Aug 10 11:06:45 +0000 2019,""b'Breakfast with cat #catupdate #pinkynose @ London, United Kingdom https://t.co/Z8YP7Lspfp'"",51.50711486,-0.12731805";;
BRANDOGroup,Sat Aug 10 11:05:17 +0000 2019,b'https://t.co/3tk2qaxlBD #horecachairs #restaurantbarcafebanquetteseating #banquetteseating #restaurantseating? https://t.co/RXueHHKpcZ',51.50711486,-0.12731805;;
PeopleAlchemist,Sat Aug 10 11:04:07 +0000 2019,b'After the famine comes the feast ...\n.\n#saturdaybrunch #steakporn #carnivorelife #benicetomyself month .\nFood &amp; Lon? https://t.co/wrMqnFOdWp',51.50711486,-0.12731805;
"harbour_red,Sat Aug 10 11:03:57 +0000 2019,""b'I love succulents, they come in such huge variety of colours and shapes, they are incredible!  Do you have a favour? https://t.co/pDjJvLRjnm'"",51.50711486,-0.12731805";;
"bolaafola,Sat Aug 10 11:03:47 +0000 2019,""b""""It's almost time, A special evening, you don't want to miss this encounter. This anointed ministers are so ready to? https://t.co/mUb7WfS0Fl"""""",51.50711486,-0.12731805";;
englishmanner,Sat Aug 10 11:02:52 +0000 2019,b'Wise words from our founder! The foundational skills needed to build strong personal and business relationships is? https://t.co/6ma9tGb1sX',51.50711486,-0.12731805;;
SayaHakamata,Sat Aug 10 11:02:38 +0000 2019,b'Cardboard box with edge protection then wrapped in plastic bag? Hello muji_global ukmuji this is climate emergency.? https://t.co/XCdhrOmA8h',51.50711486,-0.12731805;;
"SayaHakamata,Sat Aug 10 11:02:24 +0000 2019,""b'This is my order unwrapped. (Excluding the beautiful Azeri rug) Top left: landfill, bottom left: recyclable, right:? https://t.co/uhGNC583FQ'"",51.50711486,-0.12731805";;
RetrospaceAndy,Sat Aug 10 11:00:57 +0000 2019,b'One day I will board this bus. One day I will visit #pimlico #londonbus #24 #londonbreak2019 #passporttopimlico? https://t.co/q1xcgDTLhK',51.51023,-0.13505;;
"BALA_TV,Sat Aug 10 10:58:54 +0000 2019,""b""""Good Morning Family, \n\nHope you had a pleasant night's rest and are ready to go this fine windy late Saturday morni? https://t.co/nhTuhcWFN7"""""",51.50711486,-0.12731805";;
"BdexEntz,Sat Aug 10 10:58:29 +0000 2019,""b'#nairamarley #marlian \n\n#bdextv #bdexentertainmentnews #bdexentertainmenttv #bdexentertainment @ London, United Kin? https://t.co/tviflvs4cg'"",51.50711486,-0.12731805";;
NaturalPride,Sat Aug 10 10:58:17 +0000 2019,b'The goal is peace ?? ? trackstarbri #naturalpride\n.\n.\n.\n.\n.\n.\n.\n.\n.\n.\n#naturalhaircommunity #blackhairstyles? https://t.co/5x0TiSzlKX',51.50711486,-0.12731805;;
BdexEntz,Sat Aug 10 10:57:27 +0000 2019,b'@officialpasuma #officialpasuma #oganla #daddyshowkey @daddyshowkey1 \n\n#bdexentertainmentnews #bdexentertainmenttv? https://t.co/EoM5ob5QWm',51.50711486,-0.12731805;;
rattynem,Sat Aug 10 10:55:57 +0000 2019,b'Is the following #ready to accept that #Eugenics and #unconscious #biases as well as #prejudices based on lack of k? https://t.co/eIjLszEV1f',51.50711486,-0.12731805;;
andytuk,Sat Aug 10 10:55:08 +0000 2019,b'Drinking a Double Mochaccino by Pilot at @brewdog7dials ? https://t.co/Au2aVBmMt1',51.5134,-0.128751;;
bodybydaisy,Sat Aug 10 10:55:07 +0000 2019,b'Morning Fam .\n.\nIt?s Saturday ?. Who can guess what?s in my smoothie ? Or the whole tray ?.\n.\n.\nHealthy living can? https://t.co/C7y0VX6War',51.50711486,-0.12731805;;
BdexEntz,Sat Aug 10 10:52:10 +0000 2019,b'#6ix9ine #tekashi69 6ix9ine will testify in court \n\n#bdexentertainment #bdexentertainmenttv #bdexentertainmentnews? https://t.co/W0oXW1XZcH',51.50711486,-0.12731805;;
"BlankPageBeats,Sat Aug 10 10:49:59 +0000 2019,""b'2??\nlaika.sounds ?\n@djnathanclement ?? @ London, United Kingdom https://t.co/5Ppg9jLXcc'"",51.50711486,-0.12731805";;
"BdexEntz,Sat Aug 10 10:49:37 +0000 2019,""b'#djcuppy #zlatanibile \n\n#bdexentertainmentnews #bdexentertainmenttv #bdexentertainment #bdextv @ London, United Kin? https://t.co/aKcKiNAOzA'"",51.50711486,-0.12731805";;
"Dalalm_36,Sat Aug 10 10:49:08 +0000 2019,""b""""I'm at @TheLondonEye in Lambeth, Greater London https://t.co/Fso2pNClqz"""""",51.50328655,-0.11959434";;
nikkiar,Sat Aug 10 10:48:45 +0000 2019,b'HBD to my favourite queen @bhavikaa_popat ?? @ Players Bar &amp; Kitchen https://t.co/mLjXkx3dEe',51.50861,-0.12473;
Naksha,Sat Aug 10 10:47:55 +0000 2019,b'Fly to a whole new world ! ???\n\nProbably doing another Disney movie review isn?t the most objective thing I can do? https://t.co/vZCMEBC0Jv',51.50711486,-0.12731805;;
rodwey2004,Sat Aug 10 10:46:17 +0000 2019,b'Parma portrait. \n.\n\nVisit https://t.co/R3uL0T1M7X\n.\n.\nModel: parma.ham \n.\n\n#androgyny #cemetery #hairstyles? https://t.co/o7pagkyGnN',51.50711486,-0.12731805;;
foodierider,Sat Aug 10 10:45:44 +0000 2019,b'.\n------------------------------------\nIts a perfect weather here in London to try some hands on a typical North In? https://t.co/S3YyDzIkCv',51.50711486,-0.12731805;;
"121EnglishUK,Sat Aug 10 10:45:04 +0000 2019,""b""""'How #Friends taught the world to speak #English' - we always recommend that our students try to watch &amp";" listen to? https://t.co/XLi4HwWuqG"""""",51.504435,-0.1291664";
rattynem,Sat Aug 10 10:43:57 +0000 2019,b'Confirmation that my #grandbaby has #sicklecell because his #parents have the #trait. I tell my daughter-in-law tha? https://t.co/jPHIi3U4sd',51.50711486,-0.12731805;;
"samed4u2nv,Sat Aug 10 10:43:18 +0000 2019,""b'Just posted a photo @ London, United Kingdom https://t.co/JEzHv0Z1BY'"",51.50711486,-0.12731805";;
"africafwl,Sat Aug 10 10:43:00 +0000 2019,""b'?Founder of Africa Fashion week London, Princess Ronke Ademiluyi, being interviewed by Rueters reuters at #AFWL 201? https://t.co/aQnhg2ukVH'"",51.50711486,-0.12731805";;
"tmj_lon_itpm,Sat Aug 10 10:42:11 +0000 2019,""b""""We're hiring! Read about our latest job opening here: Senior Business Analyst (Batch Payments) -? https://t.co/X8lknMW1oZ"""""",51.5073509,-0.1277583";;
AngieCostello1,Sat Aug 10 10:40:05 +0000 2019,b'Trip to London with @chiara8259 #daughtertime #westend #wicked #schoolofrock #selfridges ?? @ Leicester Square https://t.co/RjD7yoIrkA',51.51045189,-0.1301837;;
"NelsonsNose,Sat Aug 10 10:38:37 +0000 2019,""b'...and in the end, the love you take is equal to the love you make... #AbbeyRoad #TheBeatles #London @ Abbey Road Z? https://t.co/Q5wVxFlaDd'"",51.50711486,-0.12731805";;
MikeyFromBow,Sat Aug 10 10:38:08 +0000 2019,b'A beautiful combination ? the wonderful salmon dial @montblanc_world #heritage #gmt and the stunning #starlegacy? https://t.co/zsRJyJBlZc',51.50711486,-0.12731805;;
VictoriaHeald,Sat Aug 10 10:37:23 +0000 2019,b'?EXCITING? This painting has been selected for the Society of Women Artists? Annual Exhibition and will be on show? https://t.co/5cwncJfa1f',51.50637854,-0.12971163;;
"tmj_CAM_retail,Sat Aug 10 10:36:29 +0000 2019,""b'Don\'t be shy. Score a job like """"Retail Advisor, 38hrs, Bluewater- Upper Thames Walk (FTC)"""" at O2 by asking for refe? https://t.co/owFCV5R5vD'"",51.5073509,-0.1277583";;
"bayutriatmojoo,Sat Aug 10 10:36:15 +0000 2019,""b'The first i saw you, my heart whispered ?she?s the one? ? @ London, United Kingdom https://t.co/IP4QuSfARQ'"",51.50711486,-0.12731805";;
"pronsplus,Sat Aug 10 10:35:09 +0000 2019,""b'?? Buenos d?as, ayer comenz? la competici?n inglesa con ese 4 - 1 a favor del Liverpool. En una hora estaremos sigu? https://t.co/fElkvoc9Fj'"",51.50711486,-0.12731805";;
"tatlimofficial,Sat Aug 10 10:32:13 +0000 2019,""b'BAD HABITS &amp";" SIMPLE PLEASURES. Dropping next week. Comes in black/yellow and navy/pink. ? @ London, United Kingdom https://t.co/VBQD0vtDsU'"",51.50711486,-0.12731805";
SicilianChef,Sat Aug 10 10:30:42 +0000 2019,b'La pasta al Pistacchio tastingsicilyuk @ficukdelegation @CelebrityChefs1 @IIHMHOTELSCHOOL @SicilianChef #pasta? https://t.co/pVvO7uz2DG',51.5095084,-0.1321054;;
BernardBullen,Sat Aug 10 10:29:27 +0000 2019,b'Happy Saturday ! Feliz S?bado!\n\n.\n.\n#saturdayvibes #saturdaymood #denim #blessed #bettyenny #londresyeah \n\nPhoto by? https://t.co/DtGgBADBEe',51.50711486,-0.12731805;;
"thebellachy,Sat Aug 10 10:27:43 +0000 2019,""b'Just posted a photo @ London, United Kingdom https://t.co/B4ySUdswXz'"",51.50711486,-0.12731805";;
Chefiiiii,Sat Aug 10 10:26:47 +0000 2019,b'Chefi ?Roll stands out from the rest.   https://t.co/UhEXhpwMLF #chefsoninstagram #cheflife #knifebag #knifetrade? https://t.co/jXtbeN9WiM',51.50711486,-0.12731805;;
"afzalkahn,Sat Aug 10 10:26:42 +0000 2019,""b'The Vengeance (facelift)\nCoachBuilt Handcrafted Aluminium\nDesign by @afzalkahn @ London, United Kingdom https://t.co/GhBlkhnWy8'"",51.50711486,-0.12731805";;
"zerodegreeac,Sat Aug 10 10:23:47 +0000 2019,""b""""Is your pump bust? Well don't fuss. Just call us!\n\naspenpumpsltd\n\n#aircon #r410a #instagramers #chiller? https://t.co/QQN3p06c6r"""""",51.50711486,-0.12731805";;
"zerodegreeac,Sat Aug 10 10:23:47 +0000 2019,""b""""Is your pump bust? Well don't fuss. Just call us!\n\naspenpumpsltd\n\n#aircon #r410a #instagramers #chiller? https://t.co/QQN3p06c6r"""""",51.50711486,-0.12731805";;
"fab_lane21,Sat Aug 10 10:23:02 +0000 2019,""b'C.H.A.N.G.E\n.\n.  \n\nPersonally I have a love and hate relationship with change, because it could be change I like or? https://t.co/t6JHWaJGYV'"",51.50711486,-0.12731805";;
commsfail,Sat Aug 10 10:18:14 +0000 2019,b'Shout out to @TowerRNLI - thank you for all you do. ? https://t.co/aic5fnqFIg',51.50852262,-0.1195324;;
arts_warwick,Sat Aug 10 10:16:21 +0000 2019,b'Day 1114\n#minimalist #minimalism #minimalistart #minimalismart #minimalart #minimalistform #minimalismform? https://t.co/Yv3caVa9QC',51.50711486,-0.12731805;;
"PilatesClubNL,Sat Aug 10 10:15:59 +0000 2019,""b'#artichoke #breakfast #funfacts can you list the benefits ? @ London, United Kingdom https://t.co/xqaULznMYU'"",51.50711486,-0.12731805";;
"jasonnkanga,Sat Aug 10 10:15:26 +0000 2019,""b'Just posted a photo @ London, United Kingdom https://t.co/lSjRPNDlcP'"",51.50711486,-0.12731805";;
"casagan,Sat Aug 10 10:14:53 +0000 2019,""b'#cafe #pictures #mirror #old #man #london @ London, United Kingdom https://t.co/XwwLfM2DI7'"",51.50711486,-0.12731805";;
"LinaLeaner,Sat Aug 10 10:14:28 +0000 2019,""b""""If this doesn't have you drooling and dribbling then are you even human? This was the most delicious, authentic, ta? https://t.co/RGxWyJ2Cy6"""""",51.50711486,-0.12731805";;
"SteveMaxwellSC,Sat Aug 10 10:11:37 +0000 2019,""b'In-room training demonstration @stevemaxwellsc #hotelroomtraining #thelondonprivatesessions @ London, United Kingdom https://t.co/aUs6yoH1uy'"",51.50711486,-0.12731805";;
"therealNaomiO,Sat Aug 10 10:10:49 +0000 2019,""b'Don?t get mad, get a bag ?? sistersandseekers \n-\nIt?s always been a dream of mine to end up with the big boys on a? https://t.co/i9iRVfN0Rl'"",51.50711486,-0.12731805";;
"JazMcRae,Sat Aug 10 10:10:08 +0000 2019,""b'I?m boring @ London, United Kingdom https://t.co/UMYX2vrjH8'"",51.50711486,-0.12731805";;
"efracapoeira,Sat Aug 10 10:06:52 +0000 2019,""b'Celebrating my 55th birthday and very proud of it. London, UK ?? going to Warsaw, Poland ?? happy birthday to me.? https://t.co/ck6vfz9pGG'"",51.50711486,-0.12731805";;
zuwenamomo,Sat Aug 10 10:06:45 +0000 2019,b'Tesco Finest Blueberry &amp; Apple Chia seed Bloomer for Sat. Breakfast?? #tescofinest #blueberry #bloomer #chiaseed? https://t.co/hKxa5almg6',51.50711486,-0.12731805;
casacannoli,Sat Aug 10 10:04:48 +0000 2019,b'Happy Saturday! ? we?re at all of our favourite locations today including greenwichmarket canopy_market? https://t.co/elZylOaZ2Q',51.50711486,-0.12731805;;
"tmj_lon_acct,Sat Aug 10 10:02:18 +0000 2019,""b'This job is now open at Wells Fargo in #London, England. Follow us and turn on mobile alerts to hear about jobs lik? https://t.co/3NXl5Ku0wW'"",51.5073509,-0.1277583";;
ChrisOnTheBus,Sat Aug 10 10:01:53 +0000 2019,b'#chefwars If you?re watching those Saturday morning #cookeryshows #saturdaykitchen #jamesmartin and thinking ?I cou? https://t.co/7hI95gSDQd',51.50711486,-0.12731805;;
Yannis_Karalis,Sat Aug 10 10:01:44 +0000 2019,b'London 2018 ? @fujifilmeu x100f used.\n\n.\n.\n.\n.\n.\n#SPiCollective #SPiAwards #flickr #35mm #tenba #GNARBOX? https://t.co/CiK88mbtVr',51.50711486,-0.12731805;;
lordlammas,Sat Aug 10 10:01:34 +0000 2019,b'#matildathemusical #altj all things Matilda. The story was quite complicated so struggled to keep up. Lots of fun t? https://t.co/x4oIVycYct',51.51361694,-0.12660506;;
marinakellyy,Sat Aug 10 10:01:17 +0000 2019,b'Visited the Horse Guards yesterday in London?? @ Horse Guards https://t.co/t5bE5vy9Lw',51.5047,-0.127222;;
ActorKyleJames,Sat Aug 10 10:00:55 +0000 2019,b'Great lesson with the crazy talented bongyanattila ? Thank you for the awesome music book &amp; for showing me what a g? https://t.co/LLwOUvcsGi',51.50711486,-0.12731805;
"Yannis_Karalis,Sat Aug 10 09:59:01 +0000 2019,""b'Adults department downstairs XXX, the hidden face | London 2018 | .\n.\n.\n.\n.\n.\n.\n#SPiCollective? https://t.co/VzWp16FLAU'"",51.5073509,-0.1277583";;
"SteveMaxwellSC,Sat Aug 10 09:57:20 +0000 2019,""b'In-room training demonstration @stevemaxwellsc #hotelroomtraining @ London, United Kingdom https://t.co/XQfWdorRRW'"",51.50711486,-0.12731805";;
"MJManley1971,Sat Aug 10 09:55:36 +0000 2019,""b'Here?s another Classic style 3MinuteDoodle, commissioned by @benstockbiz as part of my  August offer! Original and? https://t.co/hG8pXCckzO'"",51.50711486,-0.12731805";;
"CalvinTonYuLau,Sat Aug 10 09:55:10 +0000 2019,""b""""When your friend moves overseas. Tip: make it look like you're helping her clean up but quickly sneak a photo of yo? https://t.co/EOaMhvbXyP"""""",51.50711486,-0.12731805";;
"enigmaticalcat,Sat Aug 10 09:54:54 +0000 2019,""b""""I'm at Whittard of Chelsea (Covent Garden Tea Bar) - @whittarduk in Covent Garden, Greater London https://t.co/XnN9jyUwyW"""""",51.51185848,-0.12260442";;
adilepadatu,Sat Aug 10 09:54:37 +0000 2019,b'#actor #actorswanted #model #acting #headshots #professional #london #vibes #ukcastingcalls #castingcalls? https://t.co/W5njfurwWa',51.50711486,-0.12731805;;
efracapoeira,Sat Aug 10 09:54:03 +0000 2019,b'Not good to hang out with Polish people ? started early today. ? drewsamsel alicjasamsel karolinabork jaro.nicewicz? https://t.co/r39jj9J4tH',51.50711486,-0.12731805;;
wandersonvideo,Sat Aug 10 09:49:26 +0000 2019,b'#hojeedia \n#premiereleaguenaespn \n#comeoncity em Lloegr https://t.co/uipWDlWevX',51.50772222,-0.12797222;;
TamaraGitterMUA,Sat Aug 10 09:49:01 +0000 2019,b'Posted @outlawsfashion New music from @wstrnmusic @wretch32 and @KamilleXX featuring Fashion Outlaws Rae @raeadore? https://t.co/E6WUUmLwdn',51.50711486,-0.12731805;;
FahadLawyerr,Sat Aug 10 09:47:53 +0000 2019,b'.\n.\n????????? ????? ??????? ???? ??????? ???? ????????? ???????? ??????? ???? ???? ????????? ?????? ???? ???????? ?? https://t.co/LZ0vnkv00T',51.50711486,-0.12731805;;
Two4Kay,Sat Aug 10 09:45:45 +0000 2019,b'tunde ft @two4kay - ?JEALOUSY? Now Available On All Digital Platforms  ? Go Support That &amp; Stream Up It Up If Your? https://t.co/90oDep5Avm',51.50711486,-0.12731805;
"BarisAgun,Sat Aug 10 09:45:42 +0000 2019,""b'For the uninitiated, there is just so much information out there. With the continued rise of social media and the i? https://t.co/RJI8DZgl6o'"",51.50711486,-0.12731805";;
MatWhitecross,Sat Aug 10 09:43:56 +0000 2019,b'Thank you SO MUCH to everyone who came along to the screening of BAUHAUS 100 at designmuseum last night. And thank? https://t.co/5n0yumc0cB',51.50711486,-0.12731805;;
dlaworldwide,Sat Aug 10 09:42:56 +0000 2019,b'#Rajar figures in for CapitalXtra still #No.1 - millions are still tuning in to hear the hottest &amp; freshest in Hip? https://t.co/2NIDEhlURQ',51.5102524,-0.1293542;
"BokaniDyer,Sat Aug 10 09:42:06 +0000 2019,""b""""Thank you ?? truly special to perform at Ronnie Scott's with @Sphelelo and Neil Charles. #bokanidyertrio\n? Brian Ho? https://t.co/xR8yovpwsv"""""",51.5133855,-0.1315816";;
"xvrblck,Sat Aug 10 09:39:25 +0000 2019,""b'Felt cute might delete later. ?????? #MirrorSelfie @ London, United Kingdom https://t.co/Lpvp68U15b'"",51.50711486,-0.12731805";;
ElizabethAnneW_,Sat Aug 10 09:38:38 +0000 2019,b'Wish I was at @MaisonLaduree right now! ? @ Laduree - Covent Garden https://t.co/pigdkXM088',51.51195255,-0.123313;;
meekhan4,Sat Aug 10 09:38:23 +0000 2019,b'15 days to go ... @iamdbanj live 25th Aug at o2 Brixton Academy feat Special Guests &amp; The Compozers Hosted by Shops? https://t.co/0pyXxfiUJL',51.50711486,-0.12731805;
"yemajamaat,Sat Aug 10 09:38:10 +0000 2019,""b""""'What a difference a day makes' - Dinah Washington ?  #spirituality #mentalhealth #singer #songwriter? https://t.co/xfzcEzaXXt"""""",51.50711486,-0.12731805";;
"sybillegreen,Sat Aug 10 09:35:09 +0000 2019,""b'Vient de publier une photo ? London, United Kingdom https://t.co/fCvz4KGw2d'"",51.50711486,-0.12731805";;
EniCoreBlimey,Sat Aug 10 09:33:53 +0000 2019,b'BE STRONGER THAN YOUR EXCUSES ??\n\nA couple of weeks ago I tried this ab roller walkout and literally fell flat on m? https://t.co/P8WucDwvQj',51.50711486,-0.12731805;;
"LucyMcCaul,Sat Aug 10 09:29:51 +0000 2019,""b""""Vincent? You've been ... crocheted??? @ National Gallery https://t.co/360md2jpvu"""""",51.50905122,-0.12809618";;
"BOBBYSVEGAN,Sat Aug 10 09:28:51 +0000 2019,""b""""??? Clear your mind off can't! ???\n-\n-\n-\n#vegan #plantbased #plantpowered #selfie #ootd #hair #makeup #gym #gains? https://t.co/GIJ8Hx2wMo"""""",51.50711486,-0.12731805";;
trinijayjay,Sat Aug 10 09:28:30 +0000 2019,b'How lovely to be recognised today by ?ALL TOGETHER ? as an LGBTQ+ hero! Seriously blown away &amp; humbled by this gene? https://t.co/zB2VlYZP6z',51.50711486,-0.12731805;
"tmj_lon_sales,Sat Aug 10 09:26:21 +0000 2019,""b'Stop staring at the clock every day. It\'s time for a new career. Follow us to view jobs with titles like """"Wholesale? https://t.co/igpgSZh4QN'"",51.5073509,-0.1277583";;
PGJobs,Sat Aug 10 09:24:30 +0000 2019,b'See our latest #London job and click to apply: Manufacturing Plant IT and Operational Technology Lead(m/f) - https://t.co/viAaDIZI6X #IT',51.5073509,-0.1277583;;
atobyd,Sat Aug 10 09:23:11 +0000 2019,b'Shadow Me...\n-\n-\n? Fujifilm X-H1 23mm 1.4\n-\n-\n#myfujilove #fujifeed #lightandshadows #fujifilm_street #spi_action? https://t.co/kqzwj3HTkQ',51.50711486,-0.12731805;;
"chefkennyramos,Sat Aug 10 09:22:22 +0000 2019,""b'Can?t wait to see you all very soon ????????? @ London, United Kingdom https://t.co/QtaWaMgpZJ'"",51.50711486,-0.12731805";;
JohnOv3rblast,Sat Aug 10 09:21:50 +0000 2019,b'Ambience #atmosphere #ambiente #scapes #escapism #silence #cinematography #london #metropolis #architecture? https://t.co/NwYEbFQ5Wo',51.50711486,-0.12731805;;
"TheJasonDomino,Sat Aug 10 09:21:42 +0000 2019,""b'It is only marketing but it does make me excited picking a #morningcoffee @ London, United Kingdom https://t.co/H1RRLnw1dT'"",51.50711486,-0.12731805";;
CocoDeville,Sat Aug 10 09:21:41 +0000 2019,b'Had an utterly stunning time with my found love @OhItsJustMikey at the #lostlovespeakeasy by lostestateofficial Thr? https://t.co/f18TbCglSB',51.50711486,-0.12731805;;
"Squeechie,Sat Aug 10 09:21:23 +0000 2019,""b'Instead of waiting for an opportunity , create it. Time awaits for no one. ????\n.\n.\n.\n\n#4k #true #weekend #dj #potd? https://t.co/YPnGKPnEwz'"",51.50711486,-0.12731805";;
davidbladon,Sat Aug 10 09:21:17 +0000 2019,b'Love how in one of the busiest #cities in the #world you can walk past a street with  not a soul on it.? https://t.co/wivS3NQe2C',51.50711486,-0.12731805;;
"libbyrse,Sat Aug 10 09:19:48 +0000 2019,""b'Westminster Abbey, London\n#uk #london #church #abbey #england #architecture #westminster #westminsterabbey @ Westmi? https://t.co/Ah9DcGJEkv'"",51.49974047,-0.12828507";;
"liviasardao,Sat Aug 10 09:19:12 +0000 2019,""b'""""After the storm, magic.""""\n#fridayeve \n#soho \n#Noconditionstolove @ Soho, London, England https://t.co/EPlwwHjyD4'"",51.513,-0.131";;
JohnOv3rblast,Sat Aug 10 09:18:31 +0000 2019,b'Time #silence #cinematography #london#metropolis #suburban #architecture #cinematic #cityscape#silence #ambiente @? https://t.co/ZKtGjKJODi',51.50711486,-0.12731805;;
M_almutlaqq,Sat Aug 10 09:16:35 +0000 2019,b'?????? ?? ??? ???? ???? ???? ????? ? ????? ???? ?? ??? ? ???? ??? ???? ? ????? ??? ???? ? ????? ??? ??? ? ????????? https://t.co/IA8w1aC7Zw',51.50767403,-0.12788773;;
"offjuliengeloen,Sat Aug 10 09:16:10 +0000 2019,""b'Time to say goodbye \n.\n.\nLondon was another time a lot of fun, see ya all very soon, now on my way to my fav? islan? https://t.co/NmVQgf01Ly'"",51.50711486,-0.12731805";;
"Yannis_Karalis,Sat Aug 10 09:15:07 +0000 2019,""b'The eye is staring at you. #London 2018, #streetphotography #sonyambassador #sonya7riii #sony @ London, United King? https://t.co/Bjuldq9nSA'"",51.50711486,-0.12731805";;
"Yannis_Karalis,Sat Aug 10 09:13:01 +0000 2019,""b'The eye is staring at you. #London 2018, #streetphotography #sonyambassador #sonya7riii #sony @ London, United King? https://t.co/8BMKVBfbka'"",51.50711486,-0.12731805";;
"tmj_lon_adv,Sat Aug 10 09:10:29 +0000 2019,""b'Have you ever had a role like """"Account Executive ? Seller""""? What did you like most about that job? #Marketing #London'"",51.5073509,-0.1277583";;
"nonococoauk,Sat Aug 10 09:10:04 +0000 2019,""b'Inspired by nature, handmade with pure ingredients.                         \n.\n.\n? Simply white chocolate sprinkles? https://t.co/WerGYICcjh'"",51.50711486,-0.12731805";;
"libbyrse,Sat Aug 10 09:07:50 +0000 2019,""b""""Residents of St James's Park, London\n#stjamespark #london #uk #england #birds #wildlife @ St James's Park https://t.co/ZzAn8akwLo"""""",51.50166667,-0.13194444";;
RobNoddy,Sat Aug 10 09:03:25 +0000 2019,b'Bit of graphite drawing to start the day.\nUsing graphite and faber castell black for highlights. Will be selling th? https://t.co/Bf6kmkCwgs',51.50711486,-0.12731805;;
MichaelVinsen,Sat Aug 10 09:02:03 +0000 2019,b'?????? ~ ???????? ~ ?????.\n.\n.\n.\n.\n.\n.\n#saturday #serenity #calm #morning #goodmorning #iwokeuplikethis #eye? https://t.co/pNBoB1Cv4s',51.50711486,-0.12731805;;
"SalemShj867,Sat Aug 10 09:00:56 +0000 2019,""b'London ???19 @ London, United Kingdom https://t.co/cvXJdfy48e'"",51.50711486,-0.12731805";;